name,id,points_awarded,day,type
dinkstar,353332394541187074,49.925925925925924,2024-01-02,ON TIME
bemno,369989877229682688,29.037037037037035,2024-01-02,ON TIME
jam4bears,390403088722165762,49.851851851851855,2024-01-02,ON TIME
kyboydigital,639283802308476970,29.962962962962962,2024-01-02,ON TIME
dinkstar,353332394541187074,9.407407407407407,2024-01-02,DURATION
bemno,369989877229682688,48.61111111111111,2024-01-02,DURATION
jam4bears,390403088722165762,50.0,2024-01-02,DURATION
kyboydigital,639283802308476970,49.24074074074074,2024-01-02,DURATION
dinkstar,353332394541187074,49.81481481481482,2024-01-03,ON TIME
bemno,369989877229682688,43.03703703703704,2024-01-03,ON TIME
jam4bears,390403088722165762,49.888888888888886,2024-01-03,ON TIME
kyboydigital,639283802308476970,50.0,2024-01-03,ON TIME
dinkstar,353332394541187074,50.0,2024-01-03,DURATION
bemno,369989877229682688,50.0,2024-01-03,DURATION
jam4bears,390403088722165762,50.0,2024-01-03,DURATION
kyboydigital,639283802308476970,50.0,2024-01-03,DURATION
dinkstar,353332394541187074,50.0,2024-01-04,ON TIME
jam4bears,390403088722165762,49.96296296296296,2024-01-04,ON TIME
dinkstar,353332394541187074,50.0,2024-01-04,DURATION
jam4bears,390403088722165762,50.0,2024-01-04,DURATION
dinkstar,353332394541187074,46.47448977777778,2024-01-05,ON TIME
bemno,369989877229682688,44.045561703703704,2024-01-05,ON TIME
jam4bears,390403088722165762,49.92731466666667,2024-01-05,ON TIME
dinkstar,353332394541187074,50.0,2024-01-05,DURATION
bemno,369989877229682688,50.0,2024-01-05,DURATION
jam4bears,390403088722165762,50.0,2024-01-05,DURATION
jam4bears,390403088722165762,49.97,2024-01-06,ON_TIME
shamupete,621938294422241301,49.92,2024-01-06,ON_TIME
jam4bears,390403088722165762,50.0,2024-01-06,DURATION
shamupete,621938294422241301,50.0,2024-01-06,DURATION
dinkstar,353332394541187074,49.96296296296305,2024-01-07,ON TIME
bemno,369989877229682688,45.40740740740762,2024-01-07,ON TIME
jam4bears,390403088722165762,49.96296296296305,2024-01-07,ON TIME
shamupete,621938294422241301,49.88888888888869,2024-01-07,ON TIME
dinkstar,353332394541187074,50.0,2024-01-07,DURATION
bemno,369989877229682688,50.0,2024-01-07,DURATION
jam4bears,390403088722165762,50.0,2024-01-07,DURATION
shamupete,621938294422241301,50.0,2024-01-07,DURATION
dinkstar,353332394541187074,49.99662322222222,2024-01-08,ON TIME
bemno,369989877229682688,43.67217659259259,2024-01-08,ON TIME
jam4bears,390403088722165762,24.99574737037037,2024-01-08,ON TIME
dinkstar,353332394541187074,50.0,2024-01-08,DURATION
bemno,369989877229682688,50.0,2024-01-08,DURATION
jam4bears,390403088722165762,50.0,2024-01-08,DURATION
Larry's Gym Bot,1191145890925260810,32.220056703703705,2024-01-09,ON TIME
dinkstar,353332394541187074,47.44294377777778,2024-01-09,ON TIME
bemno,369989877229682688,49.98166192592593,2024-01-09,ON TIME
jam4bears,390403088722165762,49.93026644444444,2024-01-09,ON TIME
Larry's Gym Bot,1191145890925260810,2.5909627777777775,2024-01-09,DURATION
dinkstar,353332394541187074,10.857866351851852,2024-01-09,DURATION
bemno,369989877229682688,50.0,2024-01-09,DURATION
jam4bears,390403088722165762,50.0,2024-01-09,DURATION
Larry's Gym Bot,1191145890925260810,5.553575370370375,2024-01-10,ON TIME
dinkstar,353332394541187074,49.99712592592593,2024-01-10,ON TIME
jam4bears,390403088722165762,49.930688851851855,2024-01-10,ON TIME
Larry's Gym Bot,1191145890925260810,0.6448667407407407,2024-01-10,DURATION
dinkstar,353332394541187074,50.0,2024-01-10,DURATION
jam4bears,390403088722165762,50.0,2024-01-10,DURATION
Larry's Gym Bot,1191145890925260810,32.217900666666665,2024-01-11,ON TIME
dinkstar,353332394541187074,49.58169244444444,2024-01-11,ON TIME
Larry's Gym Bot,1191145890925260810,0.6867660555555555,2024-01-11,DURATION
dinkstar,353332394541187074,50.0,2024-01-11,DURATION
Larry's Gym Bot,1191145890925260810,32.21842288888889,2024-01-12,ON TIME
dinkstar,353332394541187074,49.855502888888886,2024-01-12,ON TIME
bemno,369989877229682688,32.45130788888889,2024-01-12,ON TIME
jam4bears,390403088722165762,49.97810725925926,2024-01-12,ON TIME
Larry's Gym Bot,1191145890925260810,0.37440664814814817,2024-01-12,DURATION
dinkstar,353332394541187074,50.0,2024-01-12,DURATION
bemno,369989877229682688,50.0,2024-01-12,DURATION
jam4bears,390403088722165762,50.0,2024-01-12,DURATION
Larry's Gym Bot,1191145890925260810,32.2191654074074,2024-01-13,ON TIME
shmeg.,163854339683647492,44.8549697037037,2024-01-13,ON TIME
shamupete,291432557625606144,49.91800166666667,2024-01-13,ON TIME
dinkstar,353332394541187074,49.970518185185185,2024-01-13,ON TIME
bemno,369989877229682688,45.49541296296296,2024-01-13,ON TIME
Larry's Gym Bot,1191145890925260810,0.7074853703703704,2024-01-13,DURATION
shmeg.,163854339683647492,50.0,2024-01-13,DURATION
shamupete,291432557625606144,50.0,2024-01-13,DURATION
dinkstar,353332394541187074,50.0,2024-01-13,DURATION
bemno,369989877229682688,50.0,2024-01-13,DURATION
Larry's Gym Bot,1191145890925260810,32.2204487037037,2024-01-14,ON TIME
shmeg.,163854339683647492,46.163133074074075,2024-01-14,ON TIME
shamupete,291432557625606144,49.64094107407407,2024-01-14,ON TIME
dinkstar,353332394541187074,41.66720662962963,2024-01-14,ON TIME
bemno,369989877229682688,43.47096492592593,2024-01-14,ON TIME
Larry's Gym Bot,1191145890925260810,1.5509688703703703,2024-01-14,DURATION
shmeg.,163854339683647492,50.0,2024-01-14,DURATION
shamupete,291432557625606144,50.0,2024-01-14,DURATION
dinkstar,353332394541187074,50.0,2024-01-14,DURATION
bemno,369989877229682688,50.0,2024-01-14,DURATION
Larry's Gym Bot,1191145890925260810,32.219462925925924,2024-01-15,ON TIME
shmeg.,163854339683647492,49.990098074074076,2024-01-15,ON TIME
dinkstar,353332394541187074,32.631907,2024-01-15,ON TIME
jam4bears,390403088722165762,49.92961662962963,2024-01-15,ON TIME
Larry's Gym Bot,1191145890925260810,1.6036938888888888,2024-01-15,DURATION
shmeg.,163854339683647492,50.0,2024-01-15,DURATION
dinkstar,353332394541187074,50.0,2024-01-15,DURATION
jam4bears,390403088722165762,50.0,2024-01-15,DURATION
Larry's Gym Bot,1191145890925260810,32.21989103703703,2024-01-16,ON TIME
dinkstar,353332394541187074,49.9751177037037,2024-01-16,ON TIME
bemno,369989877229682688,33.55540411111111,2024-01-16,ON TIME
jam4bears,390403088722165762,39.91513055555556,2024-01-16,ON TIME
kyboydigital,639283802308476970,39.78573285185185,2024-01-16,ON TIME
Larry's Gym Bot,1191145890925260810,0.6660426851851852,2024-01-16,DURATION
dinkstar,353332394541187074,13.836469407407407,2024-01-16,DURATION
bemno,369989877229682688,50.0,2024-01-16,DURATION
jam4bears,390403088722165762,50.0,2024-01-16,DURATION
kyboydigital,639283802308476970,50.0,2024-01-16,DURATION
Larry's Gym Bot,1191145890925260810,32.22040781481481,2024-01-17,ON TIME
jam4bears,390403088722165762,49.98251303703704,2024-01-17,ON TIME
kyboydigital,639283802308476970,49.933353259259256,2024-01-17,ON TIME
Larry's Gym Bot,1191145890925260810,0.39712368518518515,2024-01-17,DURATION
jam4bears,390403088722165762,50.0,2024-01-17,DURATION
kyboydigital,639283802308476970,50.0,2024-01-17,DURATION
Larry's Gym Bot,1191145890925260810,32.21980985185185,2024-01-18,ON TIME
dinkstar,353332394541187074,49.88992418518519,2024-01-18,ON TIME
bemno,369989877229682688,49.7537892962963,2024-01-18,ON TIME
jam4bears,390403088722165762,49.66881981481482,2024-01-18,ON TIME
kyboydigital,639283802308476970,49.78938592592593,2024-01-18,ON TIME
Larry's Gym Bot,1191145890925260810,0.48672762962962957,2024-01-18,DURATION
dinkstar,353332394541187074,50.0,2024-01-18,DURATION
bemno,369989877229682688,50.0,2024-01-18,DURATION
jam4bears,390403088722165762,50.0,2024-01-18,DURATION
kyboydigital,639283802308476970,50.0,2024-01-18,DURATION
Larry's Gym Bot,1191145890925260810,32.21825607407408,2024-01-19,ON TIME
dinkstar,353332394541187074,49.92335637037037,2024-01-19,ON TIME
bemno,369989877229682688,49.98614796296296,2024-01-19,ON TIME
jam4bears,390403088722165762,49.880123777777776,2024-01-19,ON TIME
kyboydigital,639283802308476970,49.84012792592593,2024-01-19,ON TIME
Larry's Gym Bot,1191145890925260810,2.205174685185185,2024-01-19,DURATION
dinkstar,353332394541187074,50.0,2024-01-19,DURATION
bemno,369989877229682688,50.0,2024-01-19,DURATION
jam4bears,390403088722165762,50.0,2024-01-19,DURATION
kyboydigital,639283802308476970,50.0,2024-01-19,DURATION
Larry's Gym Bot,1191145890925260810,32.21975933333333,2024-01-20,ON TIME
shmeg.,163854339683647492,49.98598833333333,2024-01-20,ON TIME
bemno,369989877229682688,44.78558407407407,2024-01-20,ON TIME
Larry's Gym Bot,1191145890925260810,1.279313462962963,2024-01-20,DURATION
shmeg.,163854339683647492,50.0,2024-01-20,DURATION
bemno,369989877229682688,50.0,2024-01-20,DURATION
Larry's Gym Bot,1191145890925260810,32.21936862962963,2024-01-22,ON TIME
dinkstar,353332394541187074,49.91018703703703,2024-01-22,ON TIME
jam4bears,390403088722165762,49.989896296296294,2024-01-22,ON TIME
Larry's Gym Bot,1191145890925260810,1.8534509629629632,2024-01-22,DURATION
dinkstar,353332394541187074,50.0,2024-01-22,DURATION
jam4bears,390403088722165762,50.0,2024-01-22,DURATION
Larry's Gym Bot,1191145890925260810,32.21943674074075,2024-01-23,ON TIME
dinkstar,353332394541187074,49.99296725925926,2024-01-23,ON TIME
bemno,369989877229682688,48.072817703703706,2024-01-23,ON TIME
jam4bears,390403088722165762,48.01622122222222,2024-01-23,ON TIME
Larry's Gym Bot,1191145890925260810,1.4048848703703705,2024-01-23,DURATION
dinkstar,353332394541187074,11.83999012962963,2024-01-23,DURATION
bemno,369989877229682688,50.0,2024-01-23,DURATION
jam4bears,390403088722165762,50.0,2024-01-23,DURATION
Larry's Gym Bot,1191145890925260810,32.21926170370371,2024-01-24,ON TIME
dinkstar,353332394541187074,45.42598503703704,2024-01-24,ON TIME
bemno,369989877229682688,47.868608037037035,2024-01-24,ON TIME
jam4bears,390403088722165762,49.834849481481484,2024-01-24,ON TIME
kyboydigital,639283802308476970,49.98959611111111,2024-01-24,ON TIME
Larry's Gym Bot,1191145890925260810,0.33722714814814814,2024-01-24,DURATION
dinkstar,353332394541187074,50.0,2024-01-24,DURATION
bemno,369989877229682688,50.0,2024-01-24,DURATION
jam4bears,390403088722165762,50.0,2024-01-24,DURATION
kyboydigital,639283802308476970,50.0,2024-01-24,DURATION
Larry's Gym Bot,1191145890925260810,32.219189,2024-01-25,ON TIME
dinkstar,353332394541187074,49.98727566666667,2024-01-25,ON TIME
bemno,369989877229682688,39.375848518518524,2024-01-25,ON TIME
jam4bears,390403088722165762,49.92979722222222,2024-01-25,ON TIME
kyboydigital,639283802308476970,49.87291614814815,2024-01-25,ON TIME
Larry's Gym Bot,1191145890925260810,0.283066,2024-01-25,DURATION
dinkstar,353332394541187074,50.0,2024-01-25,DURATION
bemno,369989877229682688,50.0,2024-01-25,DURATION
jam4bears,390403088722165762,50.0,2024-01-25,DURATION
kyboydigital,639283802308476970,50.0,2024-01-25,DURATION
Larry's Gym Bot,1191145890925260810,32.21319174074074,2024-01-26,ON TIME
dinkstar,353332394541187074,49.86644729629629,2024-01-26,ON TIME
kyboydigital,639283802308476970,47.77147081481481,2024-01-26,ON TIME
Larry's Gym Bot,1191145890925260810,0.3770567962962963,2024-01-26,DURATION
dinkstar,353332394541187074,50.0,2024-01-26,DURATION
kyboydigital,639283802308476970,50.0,2024-01-26,DURATION
Larry's Gym Bot,1191145890925260810,32.218969259259254,2024-01-27,ON TIME
shmeg.,163854339683647492,49.90696088888889,2024-01-27,ON TIME
dinkstar,353332394541187074,49.86805311111111,2024-01-27,ON TIME
jam4bears,390403088722165762,49.978794666666666,2024-01-27,ON TIME
Larry's Gym Bot,1191145890925260810,1.7392849814814815,2024-01-27,DURATION
shmeg.,163854339683647492,50.0,2024-01-27,DURATION
dinkstar,353332394541187074,50.0,2024-01-27,DURATION
jam4bears,390403088722165762,50.0,2024-01-27,DURATION
Larry's Gym Bot,1191145890925260810,32.21985433333333,2024-01-28,ON TIME
shmeg.,163854339683647492,49.95482059259259,2024-01-28,ON TIME
dinkstar,353332394541187074,49.99743196296296,2024-01-28,ON TIME
bemno,369989877229682688,0.0,2024-01-28,ON TIME
jam4bears,390403088722165762,49.923279666666666,2024-01-28,ON TIME
Larry's Gym Bot,1191145890925260810,0.3533968333333333,2024-01-28,DURATION
shmeg.,163854339683647492,50.0,2024-01-28,DURATION
dinkstar,353332394541187074,50.0,2024-01-28,DURATION
bemno,369989877229682688,50.0,2024-01-28,DURATION
jam4bears,390403088722165762,50.0,2024-01-28,DURATION
Larry's Gym Bot,1191145890925260810,32.220598037037036,2024-01-29,ON TIME
dinkstar,353332394541187074,41.45425711111111,2024-01-29,ON TIME
bemno,369989877229682688,49.92836,2024-01-29,ON TIME
jam4bears,390403088722165762,43.50925162962963,2024-01-29,ON TIME
Larry's Gym Bot,1191145890925260810,0.8807043703703703,2024-01-29,DURATION
dinkstar,353332394541187074,50.0,2024-01-29,DURATION
bemno,369989877229682688,50.0,2024-01-29,DURATION
jam4bears,390403088722165762,50.0,2024-01-29,DURATION
Larry's Gym Bot,1191145890925260810,32.21912281481482,2024-01-30,ON TIME
bemno,369989877229682688,48.801882407407405,2024-01-30,ON TIME
jam4bears,390403088722165762,49.859123814814815,2024-01-30,ON TIME
kyboydigital,639283802308476970,49.98312725925926,2024-01-30,ON TIME
Larry's Gym Bot,1191145890925260810,0.33834927777777773,2024-01-30,DURATION
bemno,369989877229682688,50.0,2024-01-30,DURATION
jam4bears,390403088722165762,50.0,2024-01-30,DURATION
kyboydigital,639283802308476970,50.0,2024-01-30,DURATION
Larry's Gym Bot,1191145890925260810,32.21977774074074,2024-01-31,ON TIME
dinkstar,353332394541187074,49.915802962962964,2024-01-31,ON TIME
bemno,369989877229682688,45.27063444444445,2024-01-31,ON TIME
Larry's Gym Bot,1191145890925260810,0.48019833333333334,2024-01-31,DURATION
dinkstar,353332394541187074,50.0,2024-01-31,DURATION
bemno,369989877229682688,50.0,2024-01-31,DURATION
Larry's Gym Bot,1191145890925260810,32.2193532962963,2024-02-01,ON TIME
dinkstar,353332394541187074,49.902764,2024-02-01,ON TIME
kyboydigital,639283802308476970,49.989881,2024-02-01,ON TIME
Larry's Gym Bot,1191145890925260810,1.456911037037037,2024-02-01,DURATION
dinkstar,353332394541187074,50.0,2024-02-01,DURATION
kyboydigital,639283802308476970,50.0,2024-02-01,DURATION
Larry's Gym Bot,1191145890925260810,29.995638481481482,2024-02-02,ON TIME
dinkstar,353332394541187074,49.9941832962963,2024-02-02,ON TIME
bemno,369989877229682688,47.17563274074074,2024-02-02,ON TIME
kyboydigital,639283802308476970,49.95562266666666,2024-02-02,ON TIME
Larry's Gym Bot,1191145890925260810,0.4819146851851852,2024-02-02,DURATION
dinkstar,353332394541187074,50.0,2024-02-02,DURATION
bemno,369989877229682688,50.0,2024-02-02,DURATION
kyboydigital,639283802308476970,50.0,2024-02-02,DURATION
Larry's Gym Bot,1191145890925260810,29.997922444444445,2024-02-03,ON TIME
shmeg.,163854339683647492,49.87056444444445,2024-02-03,ON TIME
dinkstar,353332394541187074,39.199019666666665,2024-02-03,ON TIME
bemno,369989877229682688,49.93895396296296,2024-02-03,ON TIME
Larry's Gym Bot,1191145890925260810,0.8021174259259258,2024-02-03,DURATION
shmeg.,163854339683647492,50.0,2024-02-03,DURATION
dinkstar,353332394541187074,50.0,2024-02-03,DURATION
bemno,369989877229682688,50.0,2024-02-03,DURATION
Larry's Gym Bot,1191145890925260810,29.99775918518518,2024-02-04,ON TIME
dinkstar,353332394541187074,39.888460888888886,2024-02-04,ON TIME
bemno,369989877229682688,49.92652396296296,2024-02-04,ON TIME
jam4bears,390403088722165762,43.78163992592592,2024-02-04,ON TIME
Larry's Gym Bot,1191145890925260810,0.7873814814814815,2024-02-04,DURATION
dinkstar,353332394541187074,50.0,2024-02-04,DURATION
bemno,369989877229682688,50.0,2024-02-04,DURATION
jam4bears,390403088722165762,50.0,2024-02-04,DURATION
Larry's Gym Bot,1191145890925260810,29.997511518518518,2024-02-05,ON TIME
dinkstar,353332394541187074,46.0511652962963,2024-02-05,ON TIME
kyboydigital,639283802308476970,49.99632918518518,2024-02-05,ON TIME
Larry's Gym Bot,1191145890925260810,0.3361786851851852,2024-02-05,DURATION
dinkstar,353332394541187074,50.0,2024-02-05,DURATION
kyboydigital,639283802308476970,50.0,2024-02-05,DURATION
Larry's Gym Bot,1191145890925260810,32.22020503703703,2024-02-06,ON TIME
dinkstar,353332394541187074,45.83150151851852,2024-02-06,ON TIME
bemno,369989877229682688,27.445375185185185,2024-02-06,ON TIME
jam4bears,390403088722165762,30.645109037037038,2024-02-06,ON TIME
kyboydigital,639283802308476970,49.981631407407406,2024-02-06,ON TIME
Larry's Gym Bot,1191145890925260810,0.33884209259259257,2024-02-06,DURATION
dinkstar,353332394541187074,50.0,2024-02-06,DURATION
bemno,369989877229682688,50.0,2024-02-06,DURATION
jam4bears,390403088722165762,50.0,2024-02-06,DURATION
kyboydigital,639283802308476970,50.0,2024-02-06,DURATION
Larry's Gym Bot,1191145890925260810,32.21981296296296,2024-02-07,ON TIME
dinkstar,353332394541187074,49.99791637037037,2024-02-07,ON TIME
bemno,369989877229682688,0.0,2024-02-07,ON TIME
jam4bears,390403088722165762,38.80278633333333,2024-02-07,ON TIME
kyboydigital,639283802308476970,49.94843785185185,2024-02-07,ON TIME
Larry's Gym Bot,1191145890925260810,0.37567524074074077,2024-02-07,DURATION
dinkstar,353332394541187074,50.0,2024-02-07,DURATION
bemno,369989877229682688,35.37634805555555,2024-02-07,DURATION
jam4bears,390403088722165762,48.58821314814815,2024-02-07,DURATION
kyboydigital,639283802308476970,50.0,2024-02-07,DURATION
Larry's Gym Bot,1191145890925260810,32.21893107407407,2024-02-08,ON TIME
shmeg.,163854339683647492,49.96130103703704,2024-02-08,ON TIME
kyboydigital,639283802308476970,49.49923451851852,2024-02-08,ON TIME
Larry's Gym Bot,1191145890925260810,1.476494814814815,2024-02-08,DURATION
shmeg.,163854339683647492,50.0,2024-02-08,DURATION
kyboydigital,639283802308476970,50.0,2024-02-08,DURATION
Larry's Gym Bot,1191145890925260810,32.219722518518516,2024-02-09,ON TIME
bemno,369989877229682688,17.03269592592593,2024-02-09,ON TIME
jam4bears,390403088722165762,47.24516996296296,2024-02-09,ON TIME
kyboydigital,639283802308476970,49.996107555555554,2024-02-09,ON TIME
Larry's Gym Bot,1191145890925260810,0.3344582962962963,2024-02-09,DURATION
bemno,369989877229682688,50.0,2024-02-09,DURATION
jam4bears,390403088722165762,50.0,2024-02-09,DURATION
kyboydigital,639283802308476970,50.0,2024-02-09,DURATION
Larry's Gym Bot,1191145890925260810,32.21999322222223,2024-02-10,ON TIME
dinkstar,353332394541187074,41.49323296296296,2024-02-10,ON TIME
jam4bears,390403088722165762,39.7840637037037,2024-02-10,ON TIME
Larry's Gym Bot,1191145890925260810,0.34936912962962957,2024-02-10,DURATION
dinkstar,353332394541187074,50.0,2024-02-10,DURATION
jam4bears,390403088722165762,50.0,2024-02-10,DURATION
Larry's Gym Bot,1191145890925260810,32.21958411111111,2024-02-12,ON TIME
bemno,369989877229682688,33.70107914814815,2024-02-12,ON TIME
Larry's Gym Bot,1191145890925260810,0.3309125185185185,2024-02-12,DURATION
bemno,369989877229682688,50.0,2024-02-12,DURATION
Larry's Gym Bot,1191145890925260810,32.218415888888885,2024-02-13,ON TIME
dinkstar,353332394541187074,49.99500396296296,2024-02-13,ON TIME
bemno,369989877229682688,18.224061555555554,2024-02-13,ON TIME
kyboydigital,639283802308476970,49.90913585185185,2024-02-13,ON TIME
Larry's Gym Bot,1191145890925260810,0.27419794444444445,2024-02-13,DURATION
dinkstar,353332394541187074,50.0,2024-02-13,DURATION
bemno,369989877229682688,50.0,2024-02-13,DURATION
kyboydigital,639283802308476970,50.0,2024-02-13,DURATION
Larry's Gym Bot,1191145890925260810,32.220517703703706,2024-02-14,ON TIME
dinkstar,353332394541187074,48.026698037037036,2024-02-14,ON TIME
bemno,369989877229682688,49.63600455555556,2024-02-14,ON TIME
jam4bears,390403088722165762,48.84666685185185,2024-02-14,ON TIME
Larry's Gym Bot,1191145890925260810,0.3596768888888889,2024-02-14,DURATION
dinkstar,353332394541187074,50.0,2024-02-14,DURATION
bemno,369989877229682688,50.0,2024-02-14,DURATION
jam4bears,390403088722165762,50.0,2024-02-14,DURATION
Larry's Gym Bot,1191145890925260810,32.21895566666667,2024-02-15,ON TIME
dinkstar,353332394541187074,39.38247325925926,2024-02-15,ON TIME
bemno,369989877229682688,23.79132811111111,2024-02-15,ON TIME
jam4bears,390403088722165762,49.936915185185185,2024-02-15,ON TIME
Larry's Gym Bot,1191145890925260810,0.35488846296296295,2024-02-15,DURATION
dinkstar,353332394541187074,50.0,2024-02-15,DURATION
bemno,369989877229682688,50.0,2024-02-15,DURATION
jam4bears,390403088722165762,50.0,2024-02-15,DURATION
Larry's Gym Bot,1191145890925260810,32.2195892962963,2024-02-16,ON TIME
dinkstar,353332394541187074,49.10877585185185,2024-02-16,ON TIME
bemno,369989877229682688,45.58373848148148,2024-02-16,ON TIME
kyboydigital,639283802308476970,21.151356222222223,2024-02-16,ON TIME
Larry's Gym Bot,1191145890925260810,0.3676227222222222,2024-02-16,DURATION
dinkstar,353332394541187074,50.0,2024-02-16,DURATION
bemno,369989877229682688,50.0,2024-02-16,DURATION
kyboydigital,639283802308476970,50.0,2024-02-16,DURATION
Larry's Gym Bot,1191145890925260810,32.21935877777778,2024-02-17,ON TIME
jam4bears,390403088722165762,49.753525,2024-02-17,ON TIME
Larry's Gym Bot,1191145890925260810,0.32699798148148146,2024-02-17,DURATION
jam4bears,390403088722165762,50.0,2024-02-17,DURATION
Larry's Gym Bot,1191145890925260810,32.21879807407407,2024-02-18,ON TIME
bemno,369989877229682688,21.49287877777778,2024-02-18,ON TIME
jam4bears,390403088722165762,47.085129925925926,2024-02-18,ON TIME
Larry's Gym Bot,1191145890925260810,0.32887750000000004,2024-02-18,DURATION
bemno,369989877229682688,50.0,2024-02-18,DURATION
jam4bears,390403088722165762,50.0,2024-02-18,DURATION
Larry's Gym Bot,1191145890925260810,32.22053596296296,2024-02-19,ON TIME
dinkstar,353332394541187074,49.95118025925926,2024-02-19,ON TIME
jam4bears,390403088722165762,32.54633644444444,2024-02-19,ON TIME
Larry's Gym Bot,1191145890925260810,0.34332196296296297,2024-02-19,DURATION
dinkstar,353332394541187074,50.0,2024-02-19,DURATION
jam4bears,390403088722165762,50.0,2024-02-19,DURATION
Larry's Gym Bot,1191145890925260810,32.21866503703704,2024-02-22,ON TIME
dinkstar,353332394541187074,0.9625378148148087,2024-02-22,ON TIME
bemno,369989877229682688,40.65831911111111,2024-02-22,ON TIME
Larry's Gym Bot,1191145890925260810,0.35618614814814814,2024-02-22,DURATION
dinkstar,353332394541187074,50.0,2024-02-22,DURATION
bemno,369989877229682688,50.0,2024-02-22,DURATION
Larry's Gym Bot,1191145890925260810,32.21933762962963,2024-02-23,ON TIME
dinkstar,353332394541187074,39.52591722222222,2024-02-23,ON TIME
bemno,369989877229682688,32.08597874074074,2024-02-23,ON TIME
Larry's Gym Bot,1191145890925260810,0.4795558518518518,2024-02-23,DURATION
dinkstar,353332394541187074,50.0,2024-02-23,DURATION
bemno,369989877229682688,50.0,2024-02-23,DURATION
Larry's Gym Bot,1191145890925260810,32.22041818518519,2024-02-24,ON TIME
jam4bears,390403088722165762,49.27873822222222,2024-02-24,ON TIME
Larry's Gym Bot,1191145890925260810,0.3449068703703703,2024-02-24,DURATION
jam4bears,390403088722165762,50.0,2024-02-24,DURATION
Larry's Gym Bot,1191145890925260810,32.21984662962963,2024-02-25,ON TIME
dinkstar,353332394541187074,24.38710192592593,2024-02-25,ON TIME
jam4bears,390403088722165762,44.25875933333333,2024-02-25,ON TIME
Larry's Gym Bot,1191145890925260810,0.3427560740740741,2024-02-25,DURATION
dinkstar,353332394541187074,50.0,2024-02-25,DURATION
jam4bears,390403088722165762,50.0,2024-02-25,DURATION
Larry's Gym Bot,1191145890925260810,32.21884707407408,2024-02-26,ON TIME
dinkstar,353332394541187074,18.759100333333333,2024-02-26,ON TIME
jam4bears,390403088722165762,49.83291803703704,2024-02-26,ON TIME
Larry's Gym Bot,1191145890925260810,0.3391397777777778,2024-02-26,DURATION
dinkstar,353332394541187074,50.0,2024-02-26,DURATION
jam4bears,390403088722165762,50.0,2024-02-26,DURATION
Larry's Gym Bot,1191145890925260810,32.21946903703704,2024-02-27,ON TIME
dinkstar,353332394541187074,49.944288148148146,2024-02-27,ON TIME
jam4bears,390403088722165762,10.987326074074069,2024-02-27,ON TIME
kyboydigital,639283802308476970,49.99472437037037,2024-02-27,ON TIME
Larry's Gym Bot,1191145890925260810,0.39473027777777775,2024-02-27,DURATION
dinkstar,353332394541187074,12.83020761111111,2024-02-27,DURATION
jam4bears,390403088722165762,50.0,2024-02-27,DURATION
kyboydigital,639283802308476970,50.0,2024-02-27,DURATION
Larry's Gym Bot,1191145890925260810,32.21978959259259,2024-02-28,ON TIME
dinkstar,353332394541187074,13.653778037037043,2024-02-28,ON TIME
jam4bears,390403088722165762,46.46832833333333,2024-02-28,ON TIME
kyboydigital,639283802308476970,49.99961992592593,2024-02-28,ON TIME
Larry's Gym Bot,1191145890925260810,0.33827599999999997,2024-02-28,DURATION
dinkstar,353332394541187074,50.0,2024-02-28,DURATION
jam4bears,390403088722165762,50.0,2024-02-28,DURATION
kyboydigital,639283802308476970,50.0,2024-02-28,DURATION
Larry's Gym Bot,1191145890925260810,32.22008948148148,2024-02-29,ON TIME
bemno,369989877229682688,48.62780033333333,2024-02-29,ON TIME
jam4bears,390403088722165762,40.8166897037037,2024-02-29,ON TIME
kyboydigital,639283802308476970,49.993880814814815,2024-02-29,ON TIME
Larry's Gym Bot,1191145890925260810,0.3473178333333333,2024-02-29,DURATION
bemno,369989877229682688,50.0,2024-02-29,DURATION
jam4bears,390403088722165762,50.0,2024-02-29,DURATION
kyboydigital,639283802308476970,50.0,2024-02-29,DURATION
Larry's Gym Bot,1191145890925260810,34.442632333333336,2024-03-01,ON TIME
bemno,369989877229682688,49.625619962962965,2024-03-01,ON TIME
kyboydigital,639283802308476970,49.98698037037037,2024-03-01,ON TIME
Larry's Gym Bot,1191145890925260810,1.4512551481481482,2024-03-01,DURATION
bemno,369989877229682688,50.0,2024-03-01,DURATION
kyboydigital,639283802308476970,50.0,2024-03-01,DURATION
bemno,369989877229682688,16.619913333333336,2024-03-03,ON TIME
bemno,369989877229682688,50.0,2024-03-03,DURATION
Larry's Gym Bot,1191145890925260810,32.220124999999996,2024-03-04,ON TIME
dinkstar,353332394541187074,39.77498496296296,2024-03-04,ON TIME
bemno,369989877229682688,6.707263444444443,2024-03-04,ON TIME
jam4bears,390403088722165762,41.682200074074075,2024-03-04,ON TIME
kyboydigital,639283802308476970,49.99188888888889,2024-03-04,ON TIME
Larry's Gym Bot,1191145890925260810,0.33714046296296296,2024-03-04,DURATION
dinkstar,353332394541187074,50.0,2024-03-04,DURATION
bemno,369989877229682688,45.804647814814814,2024-03-04,DURATION
jam4bears,390403088722165762,47.97158361111111,2024-03-04,DURATION
kyboydigital,639283802308476970,50.0,2024-03-04,DURATION
Larry's Gym Bot,1191145890925260810,32.21807611111111,2024-03-05,ON TIME
bemno,369989877229682688,0.0,2024-03-05,ON TIME
jam4bears,390403088722165762,34.18525477777778,2024-03-05,ON TIME
kyboydigital,639283802308476970,49.99398537037037,2024-03-05,ON TIME
Larry's Gym Bot,1191145890925260810,0.3359756666666667,2024-03-05,DURATION
bemno,369989877229682688,18.75898572222222,2024-03-05,DURATION
jam4bears,390403088722165762,50.0,2024-03-05,DURATION
kyboydigital,639283802308476970,50.0,2024-03-05,DURATION
Larry's Gym Bot,1191145890925260810,32.21996288888889,2024-03-06,ON TIME
dinkstar,353332394541187074,33.55159007407407,2024-03-06,ON TIME
bemno,369989877229682688,23.39915662962963,2024-03-06,ON TIME
jam4bears,390403088722165762,49.691988925925926,2024-03-06,ON TIME
kyboydigital,639283802308476970,49.9865962962963,2024-03-06,ON TIME
Larry's Gym Bot,1191145890925260810,0.3370163148148148,2024-03-06,DURATION
dinkstar,353332394541187074,50.0,2024-03-06,DURATION
bemno,369989877229682688,50.0,2024-03-06,DURATION
jam4bears,390403088722165762,50.0,2024-03-06,DURATION
kyboydigital,639283802308476970,50.0,2024-03-06,DURATION
Larry's Gym Bot,1191145890925260810,32.21972181481482,2024-03-07,ON TIME
bemno,369989877229682688,49.914605962962966,2024-03-07,ON TIME
jam4bears,390403088722165762,14.038931259259257,2024-03-07,ON TIME
kyboydigital,639283802308476970,49.994641037037034,2024-03-07,ON TIME
Larry's Gym Bot,1191145890925260810,0.36739624074074073,2024-03-07,DURATION
bemno,369989877229682688,50.0,2024-03-07,DURATION
jam4bears,390403088722165762,50.0,2024-03-07,DURATION
kyboydigital,639283802308476970,50.0,2024-03-07,DURATION
Larry's Gym Bot,1191145890925260810,32.21916822222222,2024-03-08,ON TIME
dinkstar,353332394541187074,43.95459774074074,2024-03-08,ON TIME
bemno,369989877229682688,49.93093977777778,2024-03-08,ON TIME
kyboydigital,639283802308476970,49.991641296296294,2024-03-08,ON TIME
Larry's Gym Bot,1191145890925260810,0.3387822222222222,2024-03-08,DURATION
dinkstar,353332394541187074,50.0,2024-03-08,DURATION
bemno,369989877229682688,50.0,2024-03-08,DURATION
kyboydigital,639283802308476970,50.0,2024-03-08,DURATION
Larry's Gym Bot,1191145890925260810,32.21909488888889,2024-03-09,ON TIME
dinkstar,353332394541187074,49.8553127037037,2024-03-09,ON TIME
Larry's Gym Bot,1191145890925260810,0.4725013703703703,2024-03-09,DURATION
dinkstar,353332394541187074,50.0,2024-03-09,DURATION
Larry's Gym Bot,1191145890925260810,32.219692629629634,2024-03-12,ON TIME
dinkstar,353332394541187074,16.576055222222223,2024-03-12,ON TIME
jam4bears,390403088722165762,49.784173037037036,2024-03-12,ON TIME
kyboydigital,639283802308476970,49.935734259259256,2024-03-12,ON TIME
Larry's Gym Bot,1191145890925260810,0.35451866666666665,2024-03-12,DURATION
dinkstar,353332394541187074,50.0,2024-03-12,DURATION
jam4bears,390403088722165762,50.0,2024-03-12,DURATION
kyboydigital,639283802308476970,50.0,2024-03-12,DURATION
Larry's Gym Bot,1191145890925260810,32.21935285185185,2024-03-13,ON TIME
dinkstar,353332394541187074,49.881478333333334,2024-03-13,ON TIME
kyboydigital,639283802308476970,49.99756225925926,2024-03-13,ON TIME
Larry's Gym Bot,1191145890925260810,0.34099938888888887,2024-03-13,DURATION
dinkstar,353332394541187074,50.0,2024-03-13,DURATION
kyboydigital,639283802308476970,50.0,2024-03-13,DURATION
Larry's Gym Bot,1191145890925260810,32.21927888888889,2024-03-14,ON TIME
bemno,369989877229682688,37.131840814814815,2024-03-14,ON TIME
jam4bears,390403088722165762,32.91621651851852,2024-03-14,ON TIME
Larry's Gym Bot,1191145890925260810,0.8541359259259258,2024-03-14,DURATION
bemno,369989877229682688,50.0,2024-03-14,DURATION
jam4bears,390403088722165762,50.0,2024-03-14,DURATION
Larry's Gym Bot,1191145890925260810,32.219993888888894,2024-03-15,ON TIME
bemno,369989877229682688,0.0,2024-03-15,ON TIME
kyboydigital,639283802308476970,49.99442825925926,2024-03-15,ON TIME
Larry's Gym Bot,1191145890925260810,0.3496325925925926,2024-03-15,DURATION
bemno,369989877229682688,40.58996253703704,2024-03-15,DURATION
kyboydigital,639283802308476970,50.0,2024-03-15,DURATION
Larry's Gym Bot,1191145890925260810,32.21935666666667,2024-03-17,ON TIME
kyboydigital,639283802308476970,39.90180648148148,2024-03-17,ON TIME
Larry's Gym Bot,1191145890925260810,0.33189577777777773,2024-03-17,DURATION
kyboydigital,639283802308476970,50.0,2024-03-17,DURATION
Larry's Gym Bot,1191145890925260810,32.219154296296296,2024-03-18,ON TIME
dinkstar,353332394541187074,40.18642581481481,2024-03-18,ON TIME
Larry's Gym Bot,1191145890925260810,0.3741988703703703,2024-03-18,DURATION
dinkstar,353332394541187074,50.0,2024-03-18,DURATION
jam4bears,390403088722165762,21.36041266666667,2024-03-20,ON TIME
jam4bears,390403088722165762,27.064801925925924,2024-03-20,DURATION
Larry's Gym Bot,1191145890925260810,32.21825285185186,2024-03-21,ON TIME
kyboydigital,639283802308476970,49.989519074074074,2024-03-21,ON TIME
Larry's Gym Bot,1191145890925260810,0.34757662962962965,2024-03-21,DURATION
kyboydigital,639283802308476970,50.0,2024-03-21,DURATION
Larry's Gym Bot,1191145890925260810,32.21908388888889,2024-03-25,ON TIME
dinkstar,353332394541187074,45.012053333333334,2024-03-25,ON TIME
Larry's Gym Bot,1191145890925260810,0.353822462962963,2024-03-25,DURATION
dinkstar,353332394541187074,50.0,2024-03-25,DURATION
dinkstar,353332394541187074,42.22358125925926,2024-03-26,ON TIME
kyboydigital,639283802308476970,0.0,2024-03-26,ON TIME
dinkstar,353332394541187074,50.0,2024-03-26,DURATION
kyboydigital,639283802308476970,3.990342148148148,2024-03-26,DURATION
bemno,369989877229682688,0.0,2024-03-27,ON TIME
bemno,369989877229682688,35.20442555555556,2024-03-27,DURATION
Larry's Gym Bot,1191145890925260810,32.21848214814815,2024-03-28,ON TIME
dinkstar,353332394541187074,37.059786,2024-03-28,ON TIME
bemno,369989877229682688,37.921736592592595,2024-03-28,ON TIME
kyboydigital,639283802308476970,48.17261885185185,2024-03-28,ON TIME
Larry's Gym Bot,1191145890925260810,0.33891472222222224,2024-03-28,DURATION
dinkstar,353332394541187074,50.0,2024-03-28,DURATION
bemno,369989877229682688,50.0,2024-03-28,DURATION
kyboydigital,639283802308476970,50.0,2024-03-28,DURATION
Larry's Gym Bot,1191145890925260810,32.21952018518519,2024-03-29,ON TIME
bemno,369989877229682688,42.12226177777778,2024-03-29,ON TIME
kyboydigital,639283802308476970,49.99513640740741,2024-03-29,ON TIME
Larry's Gym Bot,1191145890925260810,0.3386575370370371,2024-03-29,DURATION
bemno,369989877229682688,50.0,2024-03-29,DURATION
kyboydigital,639283802308476970,1.750945888888889,2024-03-29,DURATION
Larry's Gym Bot,1191145890925260810,32.218400037037036,2024-03-30,ON TIME
dinkstar,353332394541187074,48.183295333333334,2024-03-30,ON TIME
Larry's Gym Bot,1191145890925260810,0.384693,2024-03-30,DURATION
dinkstar,353332394541187074,50.0,2024-03-30,DURATION
