name,id,time,channel,user_joined
dinkstar,353332394541187074,2024-01-02 07:00:02.000000,Larry's Gym,1
jam4bears,390403088722165762,2024-01-02 07:00:04.000000,Larry's Gym,1
jam4bears,390403088722165762,2024-01-02 07:00:11.000000,Larry's Gym,1
jam4bears,390403088722165762,2024-01-02 07:00:12.000000,Larry's Gym,0
dinkstar,353332394541187074,2024-01-02 07:00:34.000000,Larry's Gym,1
dinkstar,353332394541187074,2024-01-02 07:00:36.000000,Larry's Gym,0
jam4bears,390403088722165762,2024-01-02 07:00:36.000000,Larry's Gym,1
jam4bears,390403088722165762,2024-01-02 07:00:38.000000,Larry's Gym,0
jam4bears,390403088722165762,2024-01-02 07:00:45.000000,Larry's Gym,1
jam4bears,390403088722165762,2024-01-02 07:00:46.000000,Larry's Gym,0
dinkstar,353332394541187074,2024-01-02 07:00:59.000000,Larry's Gym,1
dinkstar,353332394541187074,2024-01-02 07:01:04.000000,Larry's Gym,0
dinkstar,353332394541187074,2024-01-02 07:08:30.000000,Larry's Gym,0
kyboydigital,639283802308476970,2024-01-02 07:09:01.000000,Larry's Gym,1
kyboydigital,639283802308476970,2024-01-02 07:09:04.000000,Larry's Gym,1
kyboydigital,639283802308476970,2024-01-02 07:09:05.000000,Larry's Gym,0
bemno,369989877229682688,2024-01-02 07:09:26.000000,Larry's Gym,1
kyboydigital,639283802308476970,2024-01-02 07:12:59.000000,Larry's Gym,0
kyboydigital,639283802308476970,2024-01-02 07:14:15.000000,Larry's Gym,1
kyboydigital,639283802308476970,2024-01-02 07:14:17.000000,Larry's Gym,1
kyboydigital,639283802308476970,2024-01-02 07:14:19.000000,Larry's Gym,0
jam4bears,390403088722165762,2024-01-02 07:16:59.000000,Larry's Gym,1
jam4bears,390403088722165762,2024-01-02 07:17:01.000000,Larry's Gym,0
jam4bears,390403088722165762,2024-01-02 07:19:25.000000,Larry's Gym,1
jam4bears,390403088722165762,2024-01-02 07:19:26.000000,Larry's Gym,0
kyboydigital,639283802308476970,2024-01-02 07:21:36.000000,Larry's Gym,0
kyboydigital,639283802308476970,2024-01-02 07:21:39.000000,Larry's Gym,1
kyboydigital,639283802308476970,2024-01-02 07:21:41.000000,Larry's Gym,0
kyboydigital,639283802308476970,2024-01-02 07:21:44.000000,Larry's Gym,1
kyboydigital,639283802308476970,2024-01-02 07:21:46.000000,Larry's Gym,0
kyboydigital,639283802308476970,2024-01-02 07:21:48.000000,Larry's Gym,1
kyboydigital,639283802308476970,2024-01-02 07:24:38.000000,Larry's Gym,1
kyboydigital,639283802308476970,2024-01-02 07:24:41.000000,Larry's Gym,0
kyboydigital,639283802308476970,2024-01-02 07:24:41.000000,Larry's Gym,1
kyboydigital,639283802308476970,2024-01-02 07:24:43.000000,Larry's Gym,0
bemno,369989877229682688,2024-01-02 07:53:11.000000,Larry's Gym,0
kyboydigital,639283802308476970,2024-01-02 07:53:20.000000,Larry's Gym,0
jam4bears,390403088722165762,2024-01-02 07:53:56.000000,Larry's Gym,0
kyboydigital,639283802308476970,2024-01-03 07:00:00.000000,Larry's Gym,1
jam4bears,390403088722165762,2024-01-03 07:00:03.000000,Larry's Gym,1
dinkstar,353332394541187074,2024-01-03 07:00:05.000000,Larry's Gym,1
jam4bears,390403088722165762,2024-01-03 07:01:46.000000,Larry's Gym,0
jam4bears,390403088722165762,2024-01-03 07:01:50.000000,Larry's Gym,1
bemno,369989877229682688,2024-01-03 07:03:08.000000,Larry's Gym,1
kyboydigital,639283802308476970,2024-01-03 07:49:51.000000,Larry's Gym,0
bemno,369989877229682688,2024-01-03 07:49:53.000000,Larry's Gym,0
dinkstar,353332394541187074,2024-01-03 07:49:55.000000,Larry's Gym,0
jam4bears,390403088722165762,2024-01-03 07:49:56.000000,Larry's Gym,0
dinkstar,353332394541187074,2024-01-04 07:00:00.000000,Larry's Gym,1
jam4bears,390403088722165762,2024-01-04 07:00:01.000000,Larry's Gym,1
jam4bears,390403088722165762,2024-01-04 07:05:29.000000,Larry's Gym,1
jam4bears,390403088722165762,2024-01-04 07:05:31.000000,Larry's Gym,0
jam4bears,390403088722165762,2024-01-04 07:05:56.000000,Larry's Gym,1
jam4bears,390403088722165762,2024-01-04 07:05:57.000000,Larry's Gym,0
dinkstar,353332394541187074,2024-01-04 07:18:53.000000,Larry's Gym,1
dinkstar,353332394541187074,2024-01-04 07:18:54.000000,Larry's Gym,0
dinkstar,353332394541187074,2024-01-04 07:20:29.000000,Larry's Gym,1
dinkstar,353332394541187074,2024-01-04 07:20:31.000000,Larry's Gym,0
jam4bears,390403088722165762,2024-01-04 08:00:12.000000,Larry's Gym,0
dinkstar,353332394541187074,2024-01-04 08:00:14.000000,Larry's Gym,0
jam4bears,390403088722165762,2024-01-05 07:00:01.962504,Larry's Gym,1
jam4bears,390403088722165762,2024-01-05 07:00:38.021303,Larry's Gym,0
jam4bears,390403088722165762,2024-01-05 07:00:42.640370,Larry's Gym,1
dinkstar,353332394541187074,2024-01-05 07:01:35.188776,Larry's Gym,0
dinkstar,353332394541187074,2024-01-05 07:01:40.899200,Larry's Gym,1
bemno,369989877229682688,2024-01-05 07:02:40.769834,Larry's Gym,1
jam4bears,390403088722165762,2024-01-05 07:02:54.290333,Larry's Gym,1
jam4bears,390403088722165762,2024-01-05 07:02:56.599730,Larry's Gym,0
jam4bears,390403088722165762,2024-01-05 07:10:09.069525,Larry's Gym,1
jam4bears,390403088722165762,2024-01-05 07:10:11.212220,Larry's Gym,0
jam4bears,390403088722165762,2024-01-05 07:11:59.236364,Larry's Gym,1
jam4bears,390403088722165762,2024-01-05 07:12:01.281668,Larry's Gym,0
dinkstar,353332394541187074,2024-01-05 07:25:20.044907,Larry's Gym,1
dinkstar,353332394541187074,2024-01-05 07:25:22.258821,Larry's Gym,0
dinkstar,353332394541187074,2024-01-05 07:26:58.749811,Larry's Gym,1
dinkstar,353332394541187074,2024-01-05 07:27:01.130418,Larry's Gym,0
jam4bears,390403088722165762,2024-01-05 07:52:36.665280,Larry's Gym,0
bemno,369989877229682688,2024-01-05 07:55:00.414370,Larry's Gym,0
dinkstar,353332394541187074,2024-01-05 07:55:02.102723,Larry's Gym,0
jam4bears,390403088722165762,2024-01-06 07:00:01.665280,Larry's Gym,1
shamupete,621938294422241301,2024-01-06 07:00:03.665280,Larry's Gym,1
jam4bears,390403088722165762,2024-01-06 08:03:42.098384,Larry's Gym,0
shamupete,621938294422241301,2024-01-06 08:03:42.098384,Larry's Gym,0
dinkstar,353332394541187074,2024-01-07 07:00:01.000000,Larry's Gym,1
jam4bears,390403088722165762,2024-01-07 07:00:01.000000,Larry's Gym,1
shamupete,621938294422241301,2024-01-07 07:00:03.000000,Larry's Gym,1
bemno,369989877229682688,2024-01-07 07:02:04.000000,Larry's Gym,1
dinkstar,353332394541187074,2024-01-07 07:49:01.000000,Larry's Gym,0
jam4bears,390403088722165762,2024-01-07 07:49:01.000000,Larry's Gym,0
shamupete,621938294422241301,2024-01-07 07:49:03.000000,Larry's Gym,0
bemno,369989877229682688,2024-01-07 07:49:04.000000,Larry's Gym,0
dinkstar,353332394541187074,2024-01-08 07:00:00.091173,Larry's Gym,1
bemno,369989877229682688,2024-01-08 07:02:50.851232,Larry's Gym,1
jam4bears,390403088722165762,2024-01-08 07:11:15.114821,Larry's Gym,1
jam4bears,390403088722165762,2024-01-08 07:18:44.999526,Larry's Gym,1
jam4bears,390403088722165762,2024-01-08 07:18:46.205371,Larry's Gym,0
jam4bears,390403088722165762,2024-01-08 07:19:01.943589,Larry's Gym,1
jam4bears,390403088722165762,2024-01-08 07:19:03.005574,Larry's Gym,0
jam4bears,390403088722165762,2024-01-08 08:06:40.971825,Larry's Gym,0
bemno,369989877229682688,2024-01-08 08:06:42.758957,Larry's Gym,0
dinkstar,353332394541187074,2024-01-08 08:06:44.426555,Larry's Gym,0
bemno,369989877229682688,2024-01-09 07:00:00.495128,Larry's Gym,1
jam4bears,390403088722165762,2024-01-09 07:00:01.882806,Larry's Gym,1
dinkstar,353332394541187074,2024-01-09 07:01:09.040518,Larry's Gym,0
dinkstar,353332394541187074,2024-01-09 07:01:12.844923,Larry's Gym,1
jam4bears,390403088722165762,2024-01-09 07:01:41.072745,Larry's Gym,0
jam4bears,390403088722165762,2024-01-09 07:01:44.356125,Larry's Gym,1
Larry's Gym Bot,1191145890925260810,2024-01-09 07:08:00.058469,Larry's Gym,1
Larry's Gym Bot,1191145890925260810,2024-01-09 07:09:00.164432,Larry's Gym,1
Larry's Gym Bot,1191145890925260810,2024-01-09 07:09:02.559041,Larry's Gym,1
Larry's Gym Bot,1191145890925260810,2024-01-09 07:09:04.051087,Larry's Gym,1
Larry's Gym Bot,1191145890925260810,2024-01-09 07:09:08.244857,Larry's Gym,0
Larry's Gym Bot,1191145890925260810,2024-01-09 07:09:09.539854,Larry's Gym,1
Larry's Gym Bot,1191145890925260810,2024-01-09 07:10:00.170764,Larry's Gym,1
Larry's Gym Bot,1191145890925260810,2024-01-09 07:10:04.255912,Larry's Gym,1
Larry's Gym Bot,1191145890925260810,2024-01-09 07:10:07.195857,Larry's Gym,1
dinkstar,353332394541187074,2024-01-09 07:10:15.796667,Larry's Gym,1
dinkstar,353332394541187074,2024-01-09 07:10:17.651133,Larry's Gym,0
Larry's Gym Bot,1191145890925260810,2024-01-09 07:10:19.970459,Larry's Gym,1
dinkstar,353332394541187074,2024-01-09 07:10:24.286822,Larry's Gym,1
dinkstar,353332394541187074,2024-01-09 07:10:25.931654,Larry's Gym,0
dinkstar,353332394541187074,2024-01-09 07:10:28.864822,Larry's Gym,1
dinkstar,353332394541187074,2024-01-09 07:10:30.382619,Larry's Gym,0
dinkstar,353332394541187074,2024-01-09 07:10:55.365301,Larry's Gym,0
jam4bears,390403088722165762,2024-01-09 07:11:08.364367,Larry's Gym,1
jam4bears,390403088722165762,2024-01-09 07:11:09.415682,Larry's Gym,0
jam4bears,390403088722165762,2024-01-09 07:13:14.221497,Larry's Gym,1
jam4bears,390403088722165762,2024-01-09 07:13:15.555950,Larry's Gym,0
bemno,369989877229682688,2024-01-09 07:45:08.106216,Larry's Gym,1
bemno,369989877229682688,2024-01-09 07:45:09.150753,Larry's Gym,0
bemno,369989877229682688,2024-01-09 07:46:05.660829,Larry's Gym,1
bemno,369989877229682688,2024-01-09 07:46:06.864806,Larry's Gym,1
bemno,369989877229682688,2024-01-09 07:46:08.164710,Larry's Gym,0
bemno,369989877229682688,2024-01-09 07:46:09.369462,Larry's Gym,0
jam4bears,390403088722165762,2024-01-09 07:47:23.377890,Larry's Gym,0
bemno,369989877229682688,2024-01-09 07:47:24.254878,Larry's Gym,0
dinkstar,353332394541187074,2024-01-10 07:00:00.077600,Larry's Gym,1
jam4bears,390403088722165762,2024-01-10 07:00:01.871401,Larry's Gym,1
jam4bears,390403088722165762,2024-01-10 07:01:18.323034,Larry's Gym,1
jam4bears,390403088722165762,2024-01-10 07:01:19.327572,Larry's Gym,0
jam4bears,390403088722165762,2024-01-10 07:03:48.817665,Larry's Gym,1
jam4bears,390403088722165762,2024-01-10 07:03:50.111464,Larry's Gym,0
jam4bears,390403088722165762,2024-01-10 07:16:24.613035,Larry's Gym,1
jam4bears,390403088722165762,2024-01-10 07:16:26.053887,Larry's Gym,0
Larry's Gym Bot,1191145890925260810,2024-01-10 07:20:00.053465,Larry's Gym,1
Larry's Gym Bot,1191145890925260810,2024-01-10 07:20:34.876269,Larry's Gym,0
dinkstar,353332394541187074,2024-01-10 07:51:16.807956,Larry's Gym,0
jam4bears,390403088722165762,2024-01-10 07:51:20.739406,Larry's Gym,0
dinkstar,353332394541187074,2024-01-11 07:00:11.294304,Larry's Gym,0
dinkstar,353332394541187074,2024-01-11 07:00:14.960599,Larry's Gym,1
dinkstar,353332394541187074,2024-01-11 07:00:16.930675,Larry's Gym,1
dinkstar,353332394541187074,2024-01-11 07:00:18.160425,Larry's Gym,0
dinkstar,353332394541187074,2024-01-11 07:04:59.200398,Larry's Gym,1
dinkstar,353332394541187074,2024-01-11 07:05:00.165342,Larry's Gym,0
Larry's Gym Bot,1191145890925260810,2024-01-11 07:08:00.116682,Larry's Gym,1
Larry's Gym Bot,1191145890925260810,2024-01-11 07:08:37.202049,Larry's Gym,0
dinkstar,353332394541187074,2024-01-11 08:00:35.095181,Larry's Gym,0
jam4bears,390403088722165762,2024-01-12 07:00:00.591104,Larry's Gym,1
dinkstar,353332394541187074,2024-01-12 07:00:03.901422,Larry's Gym,0
dinkstar,353332394541187074,2024-01-12 07:00:05.631921,Larry's Gym,1
bemno,369989877229682688,2024-01-12 07:07:53.814687,Larry's Gym,1
Larry's Gym Bot,1191145890925260810,2024-01-12 07:08:00.102582,Larry's Gym,1
Larry's Gym Bot,1191145890925260810,2024-01-12 07:08:20.320541,Larry's Gym,0
jam4bears,390403088722165762,2024-01-12 07:34:58.777403,Larry's Gym,1
jam4bears,390403088722165762,2024-01-12 07:35:00.098199,Larry's Gym,0
jam4bears,390403088722165762,2024-01-12 07:36:33.186928,Larry's Gym,1
jam4bears,390403088722165762,2024-01-12 07:36:34.548054,Larry's Gym,0
bemno,369989877229682688,2024-01-12 07:57:41.862117,Larry's Gym,1
bemno,369989877229682688,2024-01-12 07:57:43.179628,Larry's Gym,0
jam4bears,390403088722165762,2024-01-12 07:58:57.669627,Larry's Gym,0
bemno,369989877229682688,2024-01-12 08:01:24.753151,Larry's Gym,0
dinkstar,353332394541187074,2024-01-12 08:01:26.044023,Larry's Gym,0
dinkstar,353332394541187074,2024-01-13 07:00:00.796009,Larry's Gym,1
shamupete,291432557625606144,2024-01-13 07:00:02.213955,Larry's Gym,1
bemno,369989877229682688,2024-01-13 07:02:01.623850,Larry's Gym,1
shmeg.,163854339683647492,2024-01-13 07:02:18.915818,Larry's Gym,1
shmeg.,163854339683647492,2024-01-13 07:02:20.726007,Larry's Gym,0
Larry's Gym Bot,1191145890925260810,2024-01-13 07:08:00.082534,Larry's Gym,1
Larry's Gym Bot,1191145890925260810,2024-01-13 07:08:38.286744,Larry's Gym,0
dinkstar,353332394541187074,2024-01-13 07:28:51.423593,Larry's Gym,1
dinkstar,353332394541187074,2024-01-13 07:28:52.861871,Larry's Gym,0
dinkstar,353332394541187074,2024-01-13 07:30:13.806267,Larry's Gym,0
dinkstar,353332394541187074,2024-01-13 07:30:36.746423,Larry's Gym,1
shmeg.,163854339683647492,2024-01-13 07:45:28.809299,Larry's Gym,0
bemno,369989877229682688,2024-01-13 07:45:50.496088,Larry's Gym,1
shmeg.,163854339683647492,2024-01-13 07:45:51.595364,Larry's Gym,1
bemno,369989877229682688,2024-01-13 07:45:52.401093,Larry's Gym,0
dinkstar,353332394541187074,2024-01-13 07:56:38.231744,Larry's Gym,1
dinkstar,353332394541187074,2024-01-13 07:56:39.318302,Larry's Gym,0
shmeg.,163854339683647492,2024-01-13 08:31:26.423172,Larry's Gym,0
bemno,369989877229682688,2024-01-13 08:31:27.619492,Larry's Gym,0
shamupete,291432557625606144,2024-01-13 08:31:28.748234,Larry's Gym,0
dinkstar,353332394541187074,2024-01-13 08:31:29.933150,Larry's Gym,0
shamupete,291432557625606144,2024-01-14 07:00:09.694591,Larry's Gym,0
shamupete,291432557625606144,2024-01-14 07:00:11.493415,Larry's Gym,1
shmeg.,163854339683647492,2024-01-14 07:01:43.595407,Larry's Gym,0
shmeg.,163854339683647492,2024-01-14 07:01:47.798147,Larry's Gym,1
bemno,369989877229682688,2024-01-14 07:02:56.283947,Larry's Gym,1
dinkstar,353332394541187074,2024-01-14 07:03:44.985421,Larry's Gym,1
Larry's Gym Bot,1191145890925260810,2024-01-14 07:08:00.047885,Larry's Gym,1
Larry's Gym Bot,1191145890925260810,2024-01-14 07:09:23.800204,Larry's Gym,0
dinkstar,353332394541187074,2024-01-14 07:47:00.301551,Larry's Gym,1
dinkstar,353332394541187074,2024-01-14 07:47:01.335288,Larry's Gym,0
dinkstar,353332394541187074,2024-01-14 07:49:31.375515,Larry's Gym,1
dinkstar,353332394541187074,2024-01-14 07:49:32.386093,Larry's Gym,1
dinkstar,353332394541187074,2024-01-14 07:49:33.273098,Larry's Gym,0
dinkstar,353332394541187074,2024-01-14 07:49:33.975089,Larry's Gym,0
shmeg.,163854339683647492,2024-01-14 07:57:35.389903,Larry's Gym,0
bemno,369989877229682688,2024-01-14 07:58:08.147909,Larry's Gym,0
shamupete,291432557625606144,2024-01-14 08:00:34.216048,Larry's Gym,0
dinkstar,353332394541187074,2024-01-14 08:00:35.269543,Larry's Gym,0
shmeg.,163854339683647492,2024-01-15 07:00:00.267352,Larry's Gym,1
jam4bears,390403088722165762,2024-01-15 07:00:01.900351,Larry's Gym,1
jam4bears,390403088722165762,2024-01-15 07:01:40.380004,Larry's Gym,1
jam4bears,390403088722165762,2024-01-15 07:01:42.084144,Larry's Gym,1
jam4bears,390403088722165762,2024-01-15 07:01:43.738044,Larry's Gym,0
jam4bears,390403088722165762,2024-01-15 07:01:44.949602,Larry's Gym,0
dinkstar,353332394541187074,2024-01-15 07:07:48.938511,Larry's Gym,1
Larry's Gym Bot,1191145890925260810,2024-01-15 07:08:00.074501,Larry's Gym,1
shmeg.,163854339683647492,2024-01-15 07:09:03.839942,Larry's Gym,0
shmeg.,163854339683647492,2024-01-15 07:09:06.786488,Larry's Gym,1
Larry's Gym Bot,1191145890925260810,2024-01-15 07:09:26.673971,Larry's Gym,0
shmeg.,163854339683647492,2024-01-15 07:09:35.704831,Larry's Gym,0
shmeg.,163854339683647492,2024-01-15 07:09:49.072311,Larry's Gym,1
jam4bears,390403088722165762,2024-01-15 07:10:07.727942,Larry's Gym,1
jam4bears,390403088722165762,2024-01-15 07:10:08.890724,Larry's Gym,0
shmeg.,163854339683647492,2024-01-15 07:10:14.089796,Larry's Gym,0
jam4bears,390403088722165762,2024-01-15 07:10:56.794184,Larry's Gym,1
jam4bears,390403088722165762,2024-01-15 07:11:01.837310,Larry's Gym,0
shmeg.,163854339683647492,2024-01-15 07:12:17.398519,Larry's Gym,1
shmeg.,163854339683647492,2024-01-15 07:57:31.427233,Larry's Gym,0
jam4bears,390403088722165762,2024-01-15 07:57:33.575802,Larry's Gym,0
dinkstar,353332394541187074,2024-01-15 07:57:38.258557,Larry's Gym,0
dinkstar,353332394541187074,2024-01-16 07:00:00.671822,Larry's Gym,1
jam4bears,390403088722165762,2024-01-16 07:04:32.291475,Larry's Gym,1
kyboydigital,639283802308476970,2024-01-16 07:04:35.785213,Larry's Gym,1
bemno,369989877229682688,2024-01-16 07:07:24.004089,Larry's Gym,1
Larry's Gym Bot,1191145890925260810,2024-01-16 07:08:00.062942,Larry's Gym,1
Larry's Gym Bot,1191145890925260810,2024-01-16 07:08:36.029247,Larry's Gym,0
bemno,369989877229682688,2024-01-16 07:10:00.122685,Larry's Gym,0
bemno,369989877229682688,2024-01-16 07:10:02.040163,Larry's Gym,1
kyboydigital,639283802308476970,2024-01-16 07:11:57.060006,Larry's Gym,0
dinkstar,353332394541187074,2024-01-16 07:12:27.841170,Larry's Gym,0
kyboydigital,639283802308476970,2024-01-16 07:12:36.852647,Larry's Gym,1
kyboydigital,639283802308476970,2024-01-16 07:13:01.494372,Larry's Gym,0
jam4bears,390403088722165762,2024-01-16 07:13:12.761114,Larry's Gym,1
jam4bears,390403088722165762,2024-01-16 07:13:13.898051,Larry's Gym,0
kyboydigital,639283802308476970,2024-01-16 07:13:47.056180,Larry's Gym,1
kyboydigital,639283802308476970,2024-01-16 07:13:59.709387,Larry's Gym,0
kyboydigital,639283802308476970,2024-01-16 07:14:03.210648,Larry's Gym,1
kyboydigital,639283802308476970,2024-01-16 07:14:20.422392,Larry's Gym,0
jam4bears,390403088722165762,2024-01-16 07:15:32.731989,Larry's Gym,1
jam4bears,390403088722165762,2024-01-16 07:15:33.801340,Larry's Gym,0
kyboydigital,639283802308476970,2024-01-16 07:17:49.014861,Larry's Gym,1
bemno,369989877229682688,2024-01-16 07:55:14.114111,Larry's Gym,1
bemno,369989877229682688,2024-01-16 07:55:15.624253,Larry's Gym,0
bemno,369989877229682688,2024-01-16 08:03:34.605153,Larry's Gym,0
jam4bears,390403088722165762,2024-01-16 08:03:38.271266,Larry's Gym,0
kyboydigital,639283802308476970,2024-01-16 08:03:40.428957,Larry's Gym,0
jam4bears,390403088722165762,2024-01-17 07:00:00.472148,Larry's Gym,1
kyboydigital,639283802308476970,2024-01-17 07:00:01.799462,Larry's Gym,1
Larry's Gym Bot,1191145890925260810,2024-01-17 07:08:00.048989,Larry's Gym,1
Larry's Gym Bot,1191145890925260810,2024-01-17 07:08:21.493668,Larry's Gym,0
jam4bears,390403088722165762,2024-01-17 08:08:36.451369,Larry's Gym,0
kyboydigital,639283802308476970,2024-01-17 08:08:40.260982,Larry's Gym,0
dinkstar,353332394541187074,2024-01-18 07:00:02.972047,Larry's Gym,0
dinkstar,353332394541187074,2024-01-18 07:00:04.749173,Larry's Gym,1
kyboydigital,639283802308476970,2024-01-18 07:00:05.686580,Larry's Gym,0
bemno,369989877229682688,2024-01-18 07:00:06.647689,Larry's Gym,0
bemno,369989877229682688,2024-01-18 07:00:07.841852,Larry's Gym,1
jam4bears,390403088722165762,2024-01-18 07:00:08.941865,Larry's Gym,1
kyboydigital,639283802308476970,2024-01-18 07:00:09.907538,Larry's Gym,1
jam4bears,390403088722165762,2024-01-18 07:01:11.699197,Larry's Gym,1
jam4bears,390403088722165762,2024-01-18 07:01:12.880898,Larry's Gym,1
jam4bears,390403088722165762,2024-01-18 07:01:14.339942,Larry's Gym,0
jam4bears,390403088722165762,2024-01-18 07:01:15.412443,Larry's Gym,0
jam4bears,390403088722165762,2024-01-18 07:01:35.758384,Larry's Gym,1
jam4bears,390403088722165762,2024-01-18 07:01:37.345752,Larry's Gym,0
jam4bears,390403088722165762,2024-01-18 07:02:18.221382,Larry's Gym,1
jam4bears,390403088722165762,2024-01-18 07:02:19.627004,Larry's Gym,0
Larry's Gym Bot,1191145890925260810,2024-01-18 07:08:00.065134,Larry's Gym,1
Larry's Gym Bot,1191145890925260810,2024-01-18 07:08:26.348426,Larry's Gym,0
dinkstar,353332394541187074,2024-01-18 07:15:51.939976,Larry's Gym,1
dinkstar,353332394541187074,2024-01-18 07:15:53.454854,Larry's Gym,0
dinkstar,353332394541187074,2024-01-18 07:17:01.473817,Larry's Gym,1
dinkstar,353332394541187074,2024-01-18 07:17:02.589944,Larry's Gym,0
dinkstar,353332394541187074,2024-01-18 07:28:31.831747,Larry's Gym,1
dinkstar,353332394541187074,2024-01-18 07:28:33.373896,Larry's Gym,0
dinkstar,353332394541187074,2024-01-18 07:29:05.352889,Larry's Gym,1
dinkstar,353332394541187074,2024-01-18 07:29:06.531462,Larry's Gym,0
bemno,369989877229682688,2024-01-18 07:39:56.830501,Larry's Gym,1
bemno,369989877229682688,2024-01-18 07:39:58.234844,Larry's Gym,0
kyboydigital,639283802308476970,2024-01-18 08:07:40.243714,Larry's Gym,1
kyboydigital,639283802308476970,2024-01-18 08:07:41.477399,Larry's Gym,0
kyboydigital,639283802308476970,2024-01-18 08:08:31.722592,Larry's Gym,1
kyboydigital,639283802308476970,2024-01-18 08:08:33.298837,Larry's Gym,0
jam4bears,390403088722165762,2024-01-18 08:10:25.945021,Larry's Gym,0
bemno,369989877229682688,2024-01-18 08:10:26.964813,Larry's Gym,0
kyboydigital,639283802308476970,2024-01-18 08:10:28.739036,Larry's Gym,0
dinkstar,353332394541187074,2024-01-18 08:10:40.427334,Larry's Gym,0
bemno,369989877229682688,2024-01-19 07:00:00.374005,Larry's Gym,1
dinkstar,353332394541187074,2024-01-19 07:00:02.069378,Larry's Gym,1
jam4bears,390403088722165762,2024-01-19 07:00:03.236658,Larry's Gym,1
kyboydigital,639283802308476970,2024-01-19 07:00:04.316546,Larry's Gym,1
kyboydigital,639283802308476970,2024-01-19 07:00:05.464904,Larry's Gym,0
kyboydigital,639283802308476970,2024-01-19 07:00:07.170994,Larry's Gym,1
Larry's Gym Bot,1191145890925260810,2024-01-19 07:08:00.107086,Larry's Gym,1
Larry's Gym Bot,1191145890925260810,2024-01-19 07:09:59.186519,Larry's Gym,0
jam4bears,390403088722165762,2024-01-19 07:11:57.350971,Larry's Gym,0
jam4bears,390403088722165762,2024-01-19 07:12:59.044671,Larry's Gym,1
jam4bears,390403088722165762,2024-01-19 07:18:26.605972,Larry's Gym,0
jam4bears,390403088722165762,2024-01-19 07:19:14.998513,Larry's Gym,1
bemno,369989877229682688,2024-01-19 07:40:23.863849,Larry's Gym,1
bemno,369989877229682688,2024-01-19 07:40:25.017149,Larry's Gym,0
jam4bears,390403088722165762,2024-01-19 07:42:50.120142,Larry's Gym,1
jam4bears,390403088722165762,2024-01-19 07:42:51.367510,Larry's Gym,0
jam4bears,390403088722165762,2024-01-19 07:45:04.276012,Larry's Gym,1
jam4bears,390403088722165762,2024-01-19 07:45:05.463765,Larry's Gym,0
jam4bears,390403088722165762,2024-01-19 07:50:30.650510,Larry's Gym,0
jam4bears,390403088722165762,2024-01-19 07:54:23.716644,Larry's Gym,1
bemno,369989877229682688,2024-01-19 07:57:11.067980,Larry's Gym,0
jam4bears,390403088722165762,2024-01-19 07:57:12.259828,Larry's Gym,0
kyboydigital,639283802308476970,2024-01-19 07:57:13.056945,Larry's Gym,0
dinkstar,353332394541187074,2024-01-19 07:57:14.783927,Larry's Gym,0
shmeg.,163854339683647492,2024-01-20 07:00:00.378315,Larry's Gym,1
bemno,369989877229682688,2024-01-20 07:02:20.789230,Larry's Gym,1
Larry's Gym Bot,1191145890925260810,2024-01-20 07:08:00.066498,Larry's Gym,1
Larry's Gym Bot,1191145890925260810,2024-01-20 07:09:09.149425,Larry's Gym,0
bemno,369989877229682688,2024-01-20 07:45:26.803909,Larry's Gym,1
bemno,369989877229682688,2024-01-20 07:45:27.877448,Larry's Gym,0
bemno,369989877229682688,2024-01-20 08:09:51.978933,Larry's Gym,0
shmeg.,163854339683647492,2024-01-20 08:09:54.770636,Larry's Gym,0
jam4bears,390403088722165762,2024-01-22 07:00:00.272800,Larry's Gym,1
dinkstar,353332394541187074,2024-01-22 07:00:02.424950,Larry's Gym,0
dinkstar,353332394541187074,2024-01-22 07:00:04.158120,Larry's Gym,1
jam4bears,390403088722165762,2024-01-22 07:06:57.265642,Larry's Gym,0
jam4bears,390403088722165762,2024-01-22 07:07:03.456630,Larry's Gym,1
jam4bears,390403088722165762,2024-01-22 07:07:17.187019,Larry's Gym,0
jam4bears,390403088722165762,2024-01-22 07:07:26.457444,Larry's Gym,1
Larry's Gym Bot,1191145890925260810,2024-01-22 07:08:00.077047,Larry's Gym,1
Larry's Gym Bot,1191145890925260810,2024-01-22 07:09:40.163399,Larry's Gym,0
dinkstar,353332394541187074,2024-01-22 07:16:41.448798,Larry's Gym,1
dinkstar,353332394541187074,2024-01-22 07:16:43.094687,Larry's Gym,0
dinkstar,353332394541187074,2024-01-22 07:18:06.896273,Larry's Gym,1
dinkstar,353332394541187074,2024-01-22 07:18:08.652032,Larry's Gym,0
dinkstar,353332394541187074,2024-01-22 07:29:30.564434,Larry's Gym,1
dinkstar,353332394541187074,2024-01-22 07:29:32.058063,Larry's Gym,0
dinkstar,353332394541187074,2024-01-22 07:30:28.480515,Larry's Gym,1
dinkstar,353332394541187074,2024-01-22 07:30:30.861204,Larry's Gym,0
dinkstar,353332394541187074,2024-01-22 08:29:39.454674,Larry's Gym,0
jam4bears,390403088722165762,2024-01-22 08:29:45.557867,Larry's Gym,0
dinkstar,353332394541187074,2024-01-23 07:00:00.189884,Larry's Gym,1
bemno,369989877229682688,2024-01-23 07:00:52.033922,Larry's Gym,1
jam4bears,390403088722165762,2024-01-23 07:00:53.562027,Larry's Gym,1
jam4bears,390403088722165762,2024-01-23 07:01:02.719949,Larry's Gym,0
jam4bears,390403088722165762,2024-01-23 07:01:06.030589,Larry's Gym,1
jam4bears,390403088722165762,2024-01-23 07:01:51.629012,Larry's Gym,0
jam4bears,390403088722165762,2024-01-23 07:02:14.629732,Larry's Gym,1
Larry's Gym Bot,1191145890925260810,2024-01-23 07:08:00.075208,Larry's Gym,1
Larry's Gym Bot,1191145890925260810,2024-01-23 07:09:15.938991,Larry's Gym,0
dinkstar,353332394541187074,2024-01-23 07:10:39.549351,Larry's Gym,0
jam4bears,390403088722165762,2024-01-23 07:11:09.049228,Larry's Gym,0
jam4bears,390403088722165762,2024-01-23 07:11:17.439113,Larry's Gym,1
jam4bears,390403088722165762,2024-01-23 07:21:24.786957,Larry's Gym,1
jam4bears,390403088722165762,2024-01-23 07:21:26.518875,Larry's Gym,0
jam4bears,390403088722165762,2024-01-23 07:22:16.427135,Larry's Gym,1
jam4bears,390403088722165762,2024-01-23 07:22:17.861385,Larry's Gym,0
bemno,369989877229682688,2024-01-23 07:44:11.447282,Larry's Gym,1
bemno,369989877229682688,2024-01-23 07:44:13.221959,Larry's Gym,0
jam4bears,390403088722165762,2024-01-23 08:25:07.386904,Larry's Gym,0
bemno,369989877229682688,2024-01-23 08:26:04.075832,Larry's Gym,0
kyboydigital,639283802308476970,2024-01-24 07:00:00.280905,Larry's Gym,1
jam4bears,390403088722165762,2024-01-24 07:00:04.459064,Larry's Gym,1
bemno,369989877229682688,2024-01-24 07:00:57.547583,Larry's Gym,1
dinkstar,353332394541187074,2024-01-24 07:02:03.498404,Larry's Gym,1
kyboydigital,639283802308476970,2024-01-24 07:06:52.866038,Larry's Gym,0
kyboydigital,639283802308476970,2024-01-24 07:06:55.428992,Larry's Gym,1
Larry's Gym Bot,1191145890925260810,2024-01-24 07:08:00.079934,Larry's Gym,1
Larry's Gym Bot,1191145890925260810,2024-01-24 07:08:18.290200,Larry's Gym,0
kyboydigital,639283802308476970,2024-01-24 07:08:57.947994,Larry's Gym,0
kyboydigital,639283802308476970,2024-01-24 07:09:11.227117,Larry's Gym,1
jam4bears,390403088722165762,2024-01-24 07:16:06.694636,Larry's Gym,0
dinkstar,353332394541187074,2024-01-24 07:16:07.914842,Larry's Gym,1
jam4bears,390403088722165762,2024-01-24 07:16:09.689992,Larry's Gym,1
dinkstar,353332394541187074,2024-01-24 07:16:10.794376,Larry's Gym,0
dinkstar,353332394541187074,2024-01-24 07:19:34.857560,Larry's Gym,1
dinkstar,353332394541187074,2024-01-24 07:19:36.188453,Larry's Gym,0
dinkstar,353332394541187074,2024-01-24 07:45:49.501296,Larry's Gym,1
dinkstar,353332394541187074,2024-01-24 07:45:51.289572,Larry's Gym,0
dinkstar,353332394541187074,2024-01-24 07:46:08.598609,Larry's Gym,1
dinkstar,353332394541187074,2024-01-24 07:46:09.716161,Larry's Gym,0
kyboydigital,639283802308476970,2024-01-24 07:55:20.776295,Larry's Gym,0
bemno,369989877229682688,2024-01-24 07:55:48.640191,Larry's Gym,0
jam4bears,390403088722165762,2024-01-24 07:55:49.906568,Larry's Gym,0
dinkstar,353332394541187074,2024-01-24 07:55:50.738790,Larry's Gym,0
dinkstar,353332394541187074,2024-01-25 07:00:00.343557,Larry's Gym,1
jam4bears,390403088722165762,2024-01-25 07:00:01.895475,Larry's Gym,1
kyboydigital,639283802308476970,2024-01-25 07:00:03.431264,Larry's Gym,1
kyboydigital,639283802308476970,2024-01-25 07:00:04.634513,Larry's Gym,0
kyboydigital,639283802308476970,2024-01-25 07:00:07.171433,Larry's Gym,1
jam4bears,390403088722165762,2024-01-25 07:04:03.572581,Larry's Gym,0
jam4bears,390403088722165762,2024-01-25 07:04:06.910122,Larry's Gym,1
bemno,369989877229682688,2024-01-25 07:04:46.852090,Larry's Gym,1
Larry's Gym Bot,1191145890925260810,2024-01-25 07:08:00.081897,Larry's Gym,1
Larry's Gym Bot,1191145890925260810,2024-01-25 07:08:15.367461,Larry's Gym,0
dinkstar,353332394541187074,2024-01-25 07:15:07.091868,Larry's Gym,1
dinkstar,353332394541187074,2024-01-25 07:15:08.377094,Larry's Gym,0
dinkstar,353332394541187074,2024-01-25 07:15:19.228897,Larry's Gym,1
dinkstar,353332394541187074,2024-01-25 07:15:21.785592,Larry's Gym,0
dinkstar,353332394541187074,2024-01-25 07:15:25.151768,Larry's Gym,1
dinkstar,353332394541187074,2024-01-25 07:15:27.214608,Larry's Gym,0
dinkstar,353332394541187074,2024-01-25 07:16:00.741822,Larry's Gym,1
dinkstar,353332394541187074,2024-01-25 07:16:02.134186,Larry's Gym,0
bemno,369989877229682688,2024-01-25 07:51:08.341358,Larry's Gym,1
bemno,369989877229682688,2024-01-25 07:51:09.601909,Larry's Gym,0
bemno,369989877229682688,2024-01-25 07:58:43.628346,Larry's Gym,0
kyboydigital,639283802308476970,2024-01-25 07:58:48.855367,Larry's Gym,0
dinkstar,353332394541187074,2024-01-25 08:02:16.768184,Larry's Gym,0
jam4bears,390403088722165762,2024-01-25 08:02:23.171415,Larry's Gym,0
dinkstar,353332394541187074,2024-01-26 07:00:03.605923,Larry's Gym,1
kyboydigital,639283802308476970,2024-01-26 07:01:00.170288,Larry's Gym,0
kyboydigital,639283802308476970,2024-01-26 07:01:03.076523,Larry's Gym,1
Larry's Gym Bot,1191145890925260810,2024-01-26 07:08:00.243823,Larry's Gym,1
Larry's Gym Bot,1191145890925260810,2024-01-26 07:08:20.604890,Larry's Gym,0
dinkstar,353332394541187074,2024-01-26 07:25:57.106501,Larry's Gym,1
dinkstar,353332394541187074,2024-01-26 07:25:58.740318,Larry's Gym,0
dinkstar,353332394541187074,2024-01-26 07:26:15.984565,Larry's Gym,1
dinkstar,353332394541187074,2024-01-26 07:26:17.507072,Larry's Gym,0
kyboydigital,639283802308476970,2024-01-26 08:10:10.419776,Larry's Gym,0
dinkstar,353332394541187074,2024-01-26 08:10:11.391387,Larry's Gym,0
jam4bears,390403088722165762,2024-01-27 07:00:00.572544,Larry's Gym,1
shmeg.,163854339683647492,2024-01-27 07:00:02.512056,Larry's Gym,1
dinkstar,353332394541187074,2024-01-27 07:00:03.562566,Larry's Gym,1
Larry's Gym Bot,1191145890925260810,2024-01-27 07:08:00.087830,Larry's Gym,1
Larry's Gym Bot,1191145890925260810,2024-01-27 07:09:34.009219,Larry's Gym,0
jam4bears,390403088722165762,2024-01-27 07:13:30.890351,Larry's Gym,1
jam4bears,390403088722165762,2024-01-27 07:13:32.179305,Larry's Gym,0
jam4bears,390403088722165762,2024-01-27 07:13:49.841646,Larry's Gym,1
jam4bears,390403088722165762,2024-01-27 07:13:51.126929,Larry's Gym,0
dinkstar,353332394541187074,2024-01-27 07:50:13.607145,Larry's Gym,0
dinkstar,353332394541187074,2024-01-27 07:53:34.945232,Larry's Gym,1
shmeg.,163854339683647492,2024-01-27 08:14:09.742173,Larry's Gym,0
jam4bears,390403088722165762,2024-01-27 08:16:36.868824,Larry's Gym,0
dinkstar,353332394541187074,2024-01-27 08:16:37.831112,Larry's Gym,0
dinkstar,353332394541187074,2024-01-28 07:00:00.069337,Larry's Gym,1
shmeg.,163854339683647492,2024-01-28 07:00:01.219844,Larry's Gym,1
jam4bears,390403088722165762,2024-01-28 07:00:02.071449,Larry's Gym,1
shmeg.,163854339683647492,2024-01-28 07:01:10.978308,Larry's Gym,0
shmeg.,163854339683647492,2024-01-28 07:02:43.142000,Larry's Gym,1
shmeg.,163854339683647492,2024-01-28 07:03:52.350684,Larry's Gym,0
shmeg.,163854339683647492,2024-01-28 07:03:54.684848,Larry's Gym,1
jam4bears,390403088722165762,2024-01-28 07:07:30.267190,Larry's Gym,1
jam4bears,390403088722165762,2024-01-28 07:07:31.432812,Larry's Gym,0
Larry's Gym Bot,1191145890925260810,2024-01-28 07:08:00.063933,Larry's Gym,1
Larry's Gym Bot,1191145890925260810,2024-01-28 07:08:19.147362,Larry's Gym,0
dinkstar,353332394541187074,2024-01-28 07:08:49.316650,Larry's Gym,1
dinkstar,353332394541187074,2024-01-28 07:08:50.843851,Larry's Gym,0
jam4bears,390403088722165762,2024-01-28 07:08:56.364325,Larry's Gym,1
jam4bears,390403088722165762,2024-01-28 07:08:57.931265,Larry's Gym,0
dinkstar,353332394541187074,2024-01-28 07:11:19.505169,Larry's Gym,1
dinkstar,353332394541187074,2024-01-28 07:11:20.595555,Larry's Gym,1
dinkstar,353332394541187074,2024-01-28 07:11:21.428269,Larry's Gym,0
dinkstar,353332394541187074,2024-01-28 07:11:22.381407,Larry's Gym,0
dinkstar,353332394541187074,2024-01-28 07:11:24.136152,Larry's Gym,1
dinkstar,353332394541187074,2024-01-28 07:11:25.288117,Larry's Gym,0
dinkstar,353332394541187074,2024-01-28 07:11:37.587892,Larry's Gym,1
dinkstar,353332394541187074,2024-01-28 07:11:39.067547,Larry's Gym,0
dinkstar,353332394541187074,2024-01-28 07:12:19.644659,Larry's Gym,1
dinkstar,353332394541187074,2024-01-28 07:12:20.890451,Larry's Gym,0
bemno,369989877229682688,2024-01-28 07:24:41.552667,Larry's Gym,1
bemno,369989877229682688,2024-01-28 07:54:53.054004,Larry's Gym,1
bemno,369989877229682688,2024-01-28 07:54:54.576137,Larry's Gym,0
dinkstar,353332394541187074,2024-01-28 08:01:36.250621,Larry's Gym,0
jam4bears,390403088722165762,2024-01-28 08:01:37.221444,Larry's Gym,0
shmeg.,163854339683647492,2024-01-28 08:22:42.306116,Larry's Gym,0
bemno,369989877229682688,2024-01-28 08:22:43.165374,Larry's Gym,0
bemno,369989877229682688,2024-01-29 07:00:01.934280,Larry's Gym,1
jam4bears,390403088722165762,2024-01-29 07:02:55.250206,Larry's Gym,1
dinkstar,353332394541187074,2024-01-29 07:03:50.735058,Larry's Gym,1
Larry's Gym Bot,1191145890925260810,2024-01-29 07:08:00.043853,Larry's Gym,1
jam4bears,390403088722165762,2024-01-29 07:08:42.968135,Larry's Gym,1
Larry's Gym Bot,1191145890925260810,2024-01-29 07:08:47.601889,Larry's Gym,0
jam4bears,390403088722165762,2024-01-29 07:08:48.854115,Larry's Gym,0
jam4bears,390403088722165762,2024-01-29 07:08:52.788573,Larry's Gym,1
jam4bears,390403088722165762,2024-01-29 07:08:54.166828,Larry's Gym,0
jam4bears,390403088722165762,2024-01-29 07:10:59.709233,Larry's Gym,1
jam4bears,390403088722165762,2024-01-29 07:11:01.833611,Larry's Gym,0
jam4bears,390403088722165762,2024-01-29 07:13:02.811628,Larry's Gym,1
jam4bears,390403088722165762,2024-01-29 07:13:04.081023,Larry's Gym,0
dinkstar,353332394541187074,2024-01-29 07:22:57.108050,Larry's Gym,1
dinkstar,353332394541187074,2024-01-29 07:22:58.290363,Larry's Gym,0
dinkstar,353332394541187074,2024-01-29 07:23:48.838972,Larry's Gym,1
dinkstar,353332394541187074,2024-01-29 07:23:51.067258,Larry's Gym,0
dinkstar,353332394541187074,2024-01-29 07:23:53.601052,Larry's Gym,1
dinkstar,353332394541187074,2024-01-29 07:23:55.383823,Larry's Gym,0
bemno,369989877229682688,2024-01-29 07:38:19.076635,Larry's Gym,1
bemno,369989877229682688,2024-01-29 07:38:20.404664,Larry's Gym,0
bemno,369989877229682688,2024-01-29 07:53:20.936113,Larry's Gym,0
jam4bears,390403088722165762,2024-01-29 07:53:23.961311,Larry's Gym,0
dinkstar,353332394541187074,2024-01-29 07:53:24.984440,Larry's Gym,0
kyboydigital,639283802308476970,2024-01-30 07:00:00.455564,Larry's Gym,1
jam4bears,390403088722165762,2024-01-30 07:00:03.803657,Larry's Gym,1
kyboydigital,639283802308476970,2024-01-30 07:00:17.180645,Larry's Gym,1
kyboydigital,639283802308476970,2024-01-30 07:00:18.459806,Larry's Gym,0
bemno,369989877229682688,2024-01-30 07:00:32.349175,Larry's Gym,1
jam4bears,390403088722165762,2024-01-30 07:07:07.704030,Larry's Gym,1
jam4bears,390403088722165762,2024-01-30 07:07:10.593472,Larry's Gym,0
Larry's Gym Bot,1191145890925260810,2024-01-30 07:08:00.083684,Larry's Gym,1
Larry's Gym Bot,1191145890925260810,2024-01-30 07:08:18.354545,Larry's Gym,0
jam4bears,390403088722165762,2024-01-30 07:08:32.230556,Larry's Gym,1
jam4bears,390403088722165762,2024-01-30 07:08:34.063540,Larry's Gym,0
bemno,369989877229682688,2024-01-30 07:40:17.493195,Larry's Gym,1
bemno,369989877229682688,2024-01-30 07:40:18.885852,Larry's Gym,0
kyboydigital,639283802308476970,2024-01-30 07:47:15.642142,Larry's Gym,0
bemno,369989877229682688,2024-01-30 07:47:16.936804,Larry's Gym,0
jam4bears,390403088722165762,2024-01-30 07:47:18.084783,Larry's Gym,0
dinkstar,353332394541187074,2024-01-31 07:00:02.273320,Larry's Gym,1
bemno,369989877229682688,2024-01-31 07:02:07.692870,Larry's Gym,1
Larry's Gym Bot,1191145890925260810,2024-01-31 07:08:00.066001,Larry's Gym,1
Larry's Gym Bot,1191145890925260810,2024-01-31 07:08:25.996711,Larry's Gym,0
dinkstar,353332394541187074,2024-01-31 07:15:57.510607,Larry's Gym,1
dinkstar,353332394541187074,2024-01-31 07:15:58.618123,Larry's Gym,0
dinkstar,353332394541187074,2024-01-31 07:17:12.153018,Larry's Gym,1
dinkstar,353332394541187074,2024-01-31 07:17:13.300855,Larry's Gym,0
bemno,369989877229682688,2024-01-31 07:47:53.970364,Larry's Gym,1
bemno,369989877229682688,2024-01-31 07:47:58.709316,Larry's Gym,0
bemno,369989877229682688,2024-01-31 08:07:50.250219,Larry's Gym,0
dinkstar,353332394541187074,2024-01-31 08:07:57.102394,Larry's Gym,0
kyboydigital,639283802308476970,2024-02-01 07:00:00.273213,Larry's Gym,1
dinkstar,353332394541187074,2024-02-01 07:00:02.625372,Larry's Gym,1
Larry's Gym Bot,1191145890925260810,2024-02-01 07:08:00.077461,Larry's Gym,1
Larry's Gym Bot,1191145890925260810,2024-02-01 07:08:26.714332,Larry's Gym,0
Larry's Gym Bot,1191145890925260810,2024-02-01 07:09:00.073736,Larry's Gym,1
Larry's Gym Bot,1191145890925260810,2024-02-01 07:09:18.750657,Larry's Gym,0
dinkstar,353332394541187074,2024-02-01 07:15:31.541455,Larry's Gym,1
dinkstar,353332394541187074,2024-02-01 07:15:32.927903,Larry's Gym,0
dinkstar,353332394541187074,2024-02-01 07:16:19.171716,Larry's Gym,1
dinkstar,353332394541187074,2024-02-01 07:16:20.881859,Larry's Gym,0
dinkstar,353332394541187074,2024-02-01 07:58:00.889556,Larry's Gym,0
kyboydigital,639283802308476970,2024-02-01 07:58:01.870453,Larry's Gym,0
dinkstar,353332394541187074,2024-02-02 07:00:00.157051,Larry's Gym,1
kyboydigital,639283802308476970,2024-02-02 07:00:01.198188,Larry's Gym,1
bemno,369989877229682688,2024-02-02 07:01:16.257916,Larry's Gym,1
Larry's Gym Bot,1191145890925260810,2024-02-02 07:09:00.117761,Larry's Gym,1
Larry's Gym Bot,1191145890925260810,2024-02-02 07:09:26.141154,Larry's Gym,0
kyboydigital,639283802308476970,2024-02-02 07:26:22.046245,Larry's Gym,1
kyboydigital,639283802308476970,2024-02-02 07:26:22.976865,Larry's Gym,0
kyboydigital,639283802308476970,2024-02-02 07:31:35.126390,Larry's Gym,1
kyboydigital,639283802308476970,2024-02-02 07:31:36.628692,Larry's Gym,0
kyboydigital,639283802308476970,2024-02-02 07:40:42.223744,Larry's Gym,0
kyboydigital,639283802308476970,2024-02-02 07:40:44.795499,Larry's Gym,1
kyboydigital,639283802308476970,2024-02-02 07:40:49.932657,Larry's Gym,0
kyboydigital,639283802308476970,2024-02-02 07:40:55.114806,Larry's Gym,1
bemno,369989877229682688,2024-02-02 07:46:10.700054,Larry's Gym,1
bemno,369989877229682688,2024-02-02 07:46:12.123994,Larry's Gym,0
kyboydigital,639283802308476970,2024-02-02 07:56:47.330016,Larry's Gym,0
dinkstar,353332394541187074,2024-02-02 08:07:21.449781,Larry's Gym,0
bemno,369989877229682688,2024-02-02 08:07:22.317951,Larry's Gym,0
bemno,369989877229682688,2024-02-03 07:00:01.648243,Larry's Gym,0
shmeg.,163854339683647492,2024-02-03 07:00:03.494760,Larry's Gym,1
bemno,369989877229682688,2024-02-03 07:00:04.024069,Larry's Gym,1
dinkstar,353332394541187074,2024-02-03 07:04:51.626469,Larry's Gym,1
Larry's Gym Bot,1191145890925260810,2024-02-03 07:09:00.056094,Larry's Gym,1
Larry's Gym Bot,1191145890925260810,2024-02-03 07:09:43.370435,Larry's Gym,0
bemno,369989877229682688,2024-02-03 07:38:43.364711,Larry's Gym,1
bemno,369989877229682688,2024-02-03 07:38:44.165009,Larry's Gym,0
dinkstar,353332394541187074,2024-02-03 07:44:11.518282,Larry's Gym,1
dinkstar,353332394541187074,2024-02-03 07:44:12.596113,Larry's Gym,0
dinkstar,353332394541187074,2024-02-03 07:44:51.473259,Larry's Gym,1
dinkstar,353332394541187074,2024-02-03 07:44:52.698770,Larry's Gym,0
dinkstar,353332394541187074,2024-02-03 08:12:52.786630,Larry's Gym,1
dinkstar,353332394541187074,2024-02-03 08:12:53.859081,Larry's Gym,0
dinkstar,353332394541187074,2024-02-03 08:14:50.782136,Larry's Gym,1
dinkstar,353332394541187074,2024-02-03 08:14:51.871734,Larry's Gym,0
shmeg.,163854339683647492,2024-02-03 08:15:14.258313,Larry's Gym,0
bemno,369989877229682688,2024-02-03 08:15:15.368044,Larry's Gym,0
dinkstar,353332394541187074,2024-02-03 08:15:16.442366,Larry's Gym,0
bemno,369989877229682688,2024-02-04 07:00:01.983853,Larry's Gym,1
jam4bears,390403088722165762,2024-02-04 07:02:47.895722,Larry's Gym,1
dinkstar,353332394541187074,2024-02-04 07:04:33.011556,Larry's Gym,1
Larry's Gym Bot,1191145890925260810,2024-02-04 07:09:00.060502,Larry's Gym,1
Larry's Gym Bot,1191145890925260810,2024-02-04 07:09:42.579102,Larry's Gym,0
jam4bears,390403088722165762,2024-02-04 07:13:01.795812,Larry's Gym,1
jam4bears,390403088722165762,2024-02-04 07:13:03.179892,Larry's Gym,0
jam4bears,390403088722165762,2024-02-04 07:15:19.449157,Larry's Gym,1
jam4bears,390403088722165762,2024-02-04 07:15:20.377574,Larry's Gym,0
bemno,369989877229682688,2024-02-04 07:48:20.195089,Larry's Gym,1
bemno,369989877229682688,2024-02-04 07:48:21.127224,Larry's Gym,0
bemno,369989877229682688,2024-02-04 07:49:39.638342,Larry's Gym,0
jam4bears,390403088722165762,2024-02-04 07:49:40.335564,Larry's Gym,0
dinkstar,353332394541187074,2024-02-04 07:49:51.651633,Larry's Gym,0
kyboydigital,639283802308476970,2024-02-05 07:00:00.099112,Larry's Gym,1
dinkstar,353332394541187074,2024-02-05 07:01:46.618537,Larry's Gym,1
dinkstar,353332394541187074,2024-02-05 07:01:48.536487,Larry's Gym,1
dinkstar,353332394541187074,2024-02-05 07:01:49.761438,Larry's Gym,0
dinkstar,353332394541187074,2024-02-05 07:03:25.859627,Larry's Gym,1
dinkstar,353332394541187074,2024-02-05 07:03:26.936245,Larry's Gym,0
Larry's Gym Bot,1191145890925260810,2024-02-05 07:09:00.067189,Larry's Gym,1
Larry's Gym Bot,1191145890925260810,2024-02-05 07:09:18.220838,Larry's Gym,0
dinkstar,353332394541187074,2024-02-05 07:39:23.260769,Larry's Gym,1
dinkstar,353332394541187074,2024-02-05 07:39:24.642879,Larry's Gym,0
dinkstar,353332394541187074,2024-02-05 07:40:30.664241,Larry's Gym,1
dinkstar,353332394541187074,2024-02-05 07:40:31.530478,Larry's Gym,0
kyboydigital,639283802308476970,2024-02-05 08:10:40.782372,Larry's Gym,0
dinkstar,353332394541187074,2024-02-05 08:10:42.707419,Larry's Gym,0
kyboydigital,639283802308476970,2024-02-06 07:00:00.495952,Larry's Gym,1
dinkstar,353332394541187074,2024-02-06 07:01:52.549459,Larry's Gym,1
Larry's Gym Bot,1191145890925260810,2024-02-06 07:08:00.054464,Larry's Gym,1
Larry's Gym Bot,1191145890925260810,2024-02-06 07:08:18.351937,Larry's Gym,0
jam4bears,390403088722165762,2024-02-06 07:08:42.582056,Larry's Gym,1
bemno,369989877229682688,2024-02-06 07:10:08.974870,Larry's Gym,1
jam4bears,390403088722165762,2024-02-06 07:14:50.913189,Larry's Gym,1
jam4bears,390403088722165762,2024-02-06 07:14:52.509011,Larry's Gym,0
jam4bears,390403088722165762,2024-02-06 07:15:30.187287,Larry's Gym,1
jam4bears,390403088722165762,2024-02-06 07:15:31.536742,Larry's Gym,0
jam4bears,390403088722165762,2024-02-06 07:15:39.490417,Larry's Gym,1
jam4bears,390403088722165762,2024-02-06 07:15:40.453431,Larry's Gym,1
jam4bears,390403088722165762,2024-02-06 07:15:41.355024,Larry's Gym,0
jam4bears,390403088722165762,2024-02-06 07:15:42.269017,Larry's Gym,0
dinkstar,353332394541187074,2024-02-06 07:30:30.713107,Larry's Gym,1
dinkstar,353332394541187074,2024-02-06 07:30:31.854250,Larry's Gym,0
dinkstar,353332394541187074,2024-02-06 07:31:04.837163,Larry's Gym,1
dinkstar,353332394541187074,2024-02-06 07:31:06.635097,Larry's Gym,0
bemno,369989877229682688,2024-02-06 07:56:56.399097,Larry's Gym,1
bemno,369989877229682688,2024-02-06 07:56:57.420611,Larry's Gym,0
bemno,369989877229682688,2024-02-06 08:15:54.500582,Larry's Gym,0
kyboydigital,639283802308476970,2024-02-06 08:15:55.654210,Larry's Gym,0
jam4bears,390403088722165762,2024-02-06 08:15:57.727063,Larry's Gym,0
dinkstar,353332394541187074,2024-02-06 08:15:58.904619,Larry's Gym,0
dinkstar,353332394541187074,2024-02-07 07:00:00.056258,Larry's Gym,1
kyboydigital,639283802308476970,2024-02-07 07:00:01.392178,Larry's Gym,1
dinkstar,353332394541187074,2024-02-07 07:00:02.713089,Larry's Gym,1
dinkstar,353332394541187074,2024-02-07 07:00:04.183822,Larry's Gym,1
dinkstar,353332394541187074,2024-02-07 07:00:05.328644,Larry's Gym,0
dinkstar,353332394541187074,2024-02-07 07:00:06.447039,Larry's Gym,0
jam4bears,390403088722165762,2024-02-07 07:05:02.324769,Larry's Gym,1
Larry's Gym Bot,1191145890925260810,2024-02-07 07:08:00.065050,Larry's Gym,1
Larry's Gym Bot,1191145890925260810,2024-02-07 07:08:20.351513,Larry's Gym,0
jam4bears,390403088722165762,2024-02-07 07:12:16.532883,Larry's Gym,1
jam4bears,390403088722165762,2024-02-07 07:12:17.916543,Larry's Gym,0
dinkstar,353332394541187074,2024-02-07 07:14:05.026621,Larry's Gym,1
dinkstar,353332394541187074,2024-02-07 07:14:06.186322,Larry's Gym,0
dinkstar,353332394541187074,2024-02-07 07:14:46.101458,Larry's Gym,1
dinkstar,353332394541187074,2024-02-07 07:14:47.085219,Larry's Gym,0
jam4bears,390403088722165762,2024-02-07 07:15:03.886414,Larry's Gym,1
jam4bears,390403088722165762,2024-02-07 07:15:04.806399,Larry's Gym,0
bemno,369989877229682688,2024-02-07 07:24:56.365607,Larry's Gym,1
jam4bears,390403088722165762,2024-02-07 07:48:46.088279,Larry's Gym,0
bemno,369989877229682688,2024-02-07 07:56:46.688402,Larry's Gym,0
kyboydigital,639283802308476970,2024-02-07 07:56:47.853801,Larry's Gym,0
dinkstar,353332394541187074,2024-02-07 07:56:49.481347,Larry's Gym,0
shmeg.,163854339683647492,2024-02-08 07:00:01.044872,Larry's Gym,1
kyboydigital,639283802308476970,2024-02-08 07:00:13.520668,Larry's Gym,0
kyboydigital,639283802308476970,2024-02-08 07:00:17.919728,Larry's Gym,1
shmeg.,163854339683647492,2024-02-08 07:02:00.773408,Larry's Gym,0
shmeg.,163854339683647492,2024-02-08 07:02:09.111384,Larry's Gym,1
Larry's Gym Bot,1191145890925260810,2024-02-08 07:08:00.088861,Larry's Gym,1
Larry's Gym Bot,1191145890925260810,2024-02-08 07:09:19.819581,Larry's Gym,0
kyboydigital,639283802308476970,2024-02-08 08:01:04.621688,Larry's Gym,0
shmeg.,163854339683647492,2024-02-08 08:01:07.940342,Larry's Gym,0
kyboydigital,639283802308476970,2024-02-09 07:00:00.105096,Larry's Gym,1
jam4bears,390403088722165762,2024-02-09 07:01:14.380411,Larry's Gym,1
jam4bears,390403088722165762,2024-02-09 07:03:43.652766,Larry's Gym,0
Larry's Gym Bot,1191145890925260810,2024-02-09 07:08:00.067492,Larry's Gym,1
Larry's Gym Bot,1191145890925260810,2024-02-09 07:08:18.128240,Larry's Gym,0
jam4bears,390403088722165762,2024-02-09 07:08:48.893959,Larry's Gym,1
bemno,369989877229682688,2024-02-09 07:14:50.117210,Larry's Gym,1
jam4bears,390403088722165762,2024-02-09 07:46:18.692192,Larry's Gym,1
jam4bears,390403088722165762,2024-02-09 07:46:19.865320,Larry's Gym,0
jam4bears,390403088722165762,2024-02-09 07:46:31.664829,Larry's Gym,1
jam4bears,390403088722165762,2024-02-09 07:46:32.640508,Larry's Gym,0
kyboydigital,639283802308476970,2024-02-09 07:52:43.779776,Larry's Gym,1
kyboydigital,639283802308476970,2024-02-09 07:52:44.702546,Larry's Gym,0
kyboydigital,639283802308476970,2024-02-09 07:57:01.488401,Larry's Gym,1
kyboydigital,639283802308476970,2024-02-09 07:57:02.637386,Larry's Gym,0
bemno,369989877229682688,2024-02-09 08:03:59.116533,Larry's Gym,1
bemno,369989877229682688,2024-02-09 08:04:00.217510,Larry's Gym,0
kyboydigital,639283802308476970,2024-02-09 08:09:10.498568,Larry's Gym,0
jam4bears,390403088722165762,2024-02-09 08:09:11.408083,Larry's Gym,0
bemno,369989877229682688,2024-02-09 08:09:12.278577,Larry's Gym,0
dinkstar,353332394541187074,2024-02-10 07:03:49.682710,Larry's Gym,1
jam4bears,390403088722165762,2024-02-10 07:04:35.830280,Larry's Gym,1
Larry's Gym Bot,1191145890925260810,2024-02-10 07:08:00.060183,Larry's Gym,1
Larry's Gym Bot,1191145890925260810,2024-02-10 07:08:18.926116,Larry's Gym,0
jam4bears,390403088722165762,2024-02-10 07:14:18.767989,Larry's Gym,1
jam4bears,390403088722165762,2024-02-10 07:14:19.882295,Larry's Gym,0
jam4bears,390403088722165762,2024-02-10 07:18:37.470571,Larry's Gym,1
jam4bears,390403088722165762,2024-02-10 07:18:38.615852,Larry's Gym,0
dinkstar,353332394541187074,2024-02-10 07:22:43.550272,Larry's Gym,1
dinkstar,353332394541187074,2024-02-10 07:22:44.534250,Larry's Gym,0
dinkstar,353332394541187074,2024-02-10 07:23:32.961556,Larry's Gym,1
dinkstar,353332394541187074,2024-02-10 07:23:34.033085,Larry's Gym,0
jam4bears,390403088722165762,2024-02-10 07:56:06.365881,Larry's Gym,0
dinkstar,353332394541187074,2024-02-10 07:56:24.120872,Larry's Gym,0
bemno,369989877229682688,2024-02-12 07:07:20.070863,Larry's Gym,1
Larry's Gym Bot,1191145890925260810,2024-02-12 07:08:00.071229,Larry's Gym,1
Larry's Gym Bot,1191145890925260810,2024-02-12 07:08:17.940505,Larry's Gym,0
bemno,369989877229682688,2024-02-12 07:55:30.717552,Larry's Gym,0
dinkstar,353332394541187074,2024-02-13 07:00:00.134893,Larry's Gym,1
kyboydigital,639283802308476970,2024-02-13 07:00:02.453332,Larry's Gym,1
Larry's Gym Bot,1191145890925260810,2024-02-13 07:08:00.102771,Larry's Gym,1
Larry's Gym Bot,1191145890925260810,2024-02-13 07:08:14.909460,Larry's Gym,0
dinkstar,353332394541187074,2024-02-13 07:10:35.626509,Larry's Gym,0
bemno,369989877229682688,2024-02-13 07:14:17.950338,Larry's Gym,1
dinkstar,353332394541187074,2024-02-13 07:23:55.826231,Larry's Gym,1
bemno,369989877229682688,2024-02-13 07:59:35.344189,Larry's Gym,1
bemno,369989877229682688,2024-02-13 07:59:36.828070,Larry's Gym,0
kyboydigital,639283802308476970,2024-02-13 08:00:43.060588,Larry's Gym,0
bemno,369989877229682688,2024-02-13 08:02:35.313427,Larry's Gym,0
dinkstar,353332394541187074,2024-02-13 08:02:36.647820,Larry's Gym,0
bemno,369989877229682688,2024-02-14 07:00:09.827877,Larry's Gym,1
jam4bears,390403088722165762,2024-02-14 07:00:31.139995,Larry's Gym,1
dinkstar,353332394541187074,2024-02-14 07:00:53.279153,Larry's Gym,1
Larry's Gym Bot,1191145890925260810,2024-02-14 07:08:00.046022,Larry's Gym,1
Larry's Gym Bot,1191145890925260810,2024-02-14 07:08:19.468574,Larry's Gym,0
jam4bears,390403088722165762,2024-02-14 07:09:56.950838,Larry's Gym,1
jam4bears,390403088722165762,2024-02-14 07:09:57.965950,Larry's Gym,0
jam4bears,390403088722165762,2024-02-14 07:11:05.481530,Larry's Gym,1
jam4bears,390403088722165762,2024-02-14 07:11:06.749880,Larry's Gym,0
dinkstar,353332394541187074,2024-02-14 07:32:08.888685,Larry's Gym,1
dinkstar,353332394541187074,2024-02-14 07:32:10.014095,Larry's Gym,0
dinkstar,353332394541187074,2024-02-14 07:32:45.765407,Larry's Gym,1
dinkstar,353332394541187074,2024-02-14 07:32:46.761462,Larry's Gym,0
bemno,369989877229682688,2024-02-14 07:43:12.487433,Larry's Gym,1
bemno,369989877229682688,2024-02-14 07:43:13.749058,Larry's Gym,0
bemno,369989877229682688,2024-02-14 07:55:35.724766,Larry's Gym,0
jam4bears,390403088722165762,2024-02-14 07:55:37.827968,Larry's Gym,0
dinkstar,353332394541187074,2024-02-14 07:55:39.794435,Larry's Gym,0
jam4bears,390403088722165762,2024-02-15 07:00:01.703290,Larry's Gym,1
dinkstar,353332394541187074,2024-02-15 07:04:46.673222,Larry's Gym,1
jam4bears,390403088722165762,2024-02-15 07:07:44.591770,Larry's Gym,1
jam4bears,390403088722165762,2024-02-15 07:07:46.239312,Larry's Gym,0
Larry's Gym Bot,1191145890925260810,2024-02-15 07:08:00.088197,Larry's Gym,1
Larry's Gym Bot,1191145890925260810,2024-02-15 07:08:19.252174,Larry's Gym,0
jam4bears,390403088722165762,2024-02-15 07:08:30.096327,Larry's Gym,1
jam4bears,390403088722165762,2024-02-15 07:08:31.288273,Larry's Gym,0
bemno,369989877229682688,2024-02-15 07:11:47.634141,Larry's Gym,1
dinkstar,353332394541187074,2024-02-15 07:32:46.056363,Larry's Gym,1
dinkstar,353332394541187074,2024-02-15 07:32:47.408879,Larry's Gym,0
dinkstar,353332394541187074,2024-02-15 07:33:31.933956,Larry's Gym,1
dinkstar,353332394541187074,2024-02-15 07:33:33.303122,Larry's Gym,0
jam4bears,390403088722165762,2024-02-15 07:50:28.154475,Larry's Gym,0
bemno,369989877229682688,2024-02-15 08:01:02.204965,Larry's Gym,1
bemno,369989877229682688,2024-02-15 08:01:03.487041,Larry's Gym,0
bemno,369989877229682688,2024-02-15 08:26:48.895568,Larry's Gym,0
dinkstar,353332394541187074,2024-02-15 08:26:50.168996,Larry's Gym,0
dinkstar,353332394541187074,2024-02-16 07:00:24.063052,Larry's Gym,1
bemno,369989877229682688,2024-02-16 07:01:59.239061,Larry's Gym,1
Larry's Gym Bot,1191145890925260810,2024-02-16 07:08:00.071089,Larry's Gym,1
Larry's Gym Bot,1191145890925260810,2024-02-16 07:08:19.922716,Larry's Gym,0
kyboydigital,639283802308476970,2024-02-16 07:12:58.913382,Larry's Gym,1
kyboydigital,639283802308476970,2024-02-16 07:14:02.130454,Larry's Gym,0
kyboydigital,639283802308476970,2024-02-16 07:14:04.608861,Larry's Gym,1
dinkstar,353332394541187074,2024-02-16 07:29:40.125154,Larry's Gym,1
dinkstar,353332394541187074,2024-02-16 07:29:41.203765,Larry's Gym,0
dinkstar,353332394541187074,2024-02-16 07:30:02.927839,Larry's Gym,1
dinkstar,353332394541187074,2024-02-16 07:30:04.101574,Larry's Gym,0
bemno,369989877229682688,2024-02-16 07:42:25.960161,Larry's Gym,1
bemno,369989877229682688,2024-02-16 07:42:27.459072,Larry's Gym,0
dinkstar,353332394541187074,2024-02-16 08:03:07.074626,Larry's Gym,1
dinkstar,353332394541187074,2024-02-16 08:03:08.539663,Larry's Gym,0
dinkstar,353332394541187074,2024-02-16 08:05:20.003549,Larry's Gym,1
dinkstar,353332394541187074,2024-02-16 08:05:21.271545,Larry's Gym,0
dinkstar,353332394541187074,2024-02-16 08:07:26.315884,Larry's Gym,1
dinkstar,353332394541187074,2024-02-16 08:07:28.176989,Larry's Gym,1
dinkstar,353332394541187074,2024-02-16 08:07:29.254110,Larry's Gym,0
dinkstar,353332394541187074,2024-02-16 08:07:29.911637,Larry's Gym,0
bemno,369989877229682688,2024-02-16 08:10:50.100553,Larry's Gym,0
kyboydigital,639283802308476970,2024-02-16 08:10:50.994062,Larry's Gym,0
dinkstar,353332394541187074,2024-02-16 08:10:57.717643,Larry's Gym,0
jam4bears,390403088722165762,2024-02-17 07:00:06.654825,Larry's Gym,1
Larry's Gym Bot,1191145890925260810,2024-02-17 07:08:00.077313,Larry's Gym,1
Larry's Gym Bot,1191145890925260810,2024-02-17 07:08:17.735204,Larry's Gym,0
jam4bears,390403088722165762,2024-02-17 07:46:55.804239,Larry's Gym,0
jam4bears,390403088722165762,2024-02-18 07:01:18.701492,Larry's Gym,1
Larry's Gym Bot,1191145890925260810,2024-02-18 07:08:00.092452,Larry's Gym,1
Larry's Gym Bot,1191145890925260810,2024-02-18 07:08:17.851837,Larry's Gym,0
bemno,369989877229682688,2024-02-18 07:12:49.692273,Larry's Gym,1
jam4bears,390403088722165762,2024-02-18 07:13:37.384906,Larry's Gym,1
jam4bears,390403088722165762,2024-02-18 07:13:38.294272,Larry's Gym,0
jam4bears,390403088722165762,2024-02-18 07:13:47.333644,Larry's Gym,1
jam4bears,390403088722165762,2024-02-18 07:13:48.237448,Larry's Gym,0
jam4bears,390403088722165762,2024-02-18 07:13:53.637275,Larry's Gym,1
jam4bears,390403088722165762,2024-02-18 07:13:54.363723,Larry's Gym,0
jam4bears,390403088722165762,2024-02-18 07:14:06.471866,Larry's Gym,1
jam4bears,390403088722165762,2024-02-18 07:14:07.407729,Larry's Gym,0
jam4bears,390403088722165762,2024-02-18 07:15:20.985609,Larry's Gym,1
jam4bears,390403088722165762,2024-02-18 07:15:21.814295,Larry's Gym,0
jam4bears,390403088722165762,2024-02-18 07:15:41.485007,Larry's Gym,1
jam4bears,390403088722165762,2024-02-18 07:15:42.521246,Larry's Gym,0
bemno,369989877229682688,2024-02-18 07:57:58.933380,Larry's Gym,1
bemno,369989877229682688,2024-02-18 07:57:59.871471,Larry's Gym,0
bemno,369989877229682688,2024-02-18 08:00:02.357345,Larry's Gym,0
jam4bears,390403088722165762,2024-02-18 08:00:17.488526,Larry's Gym,0
dinkstar,353332394541187074,2024-02-19 07:00:01.318133,Larry's Gym,1
jam4bears,390403088722165762,2024-02-19 07:07:51.248916,Larry's Gym,1
Larry's Gym Bot,1191145890925260810,2024-02-19 07:08:00.045529,Larry's Gym,1
Larry's Gym Bot,1191145890925260810,2024-02-19 07:08:18.584915,Larry's Gym,0
dinkstar,353332394541187074,2024-02-19 07:12:56.870602,Larry's Gym,1
dinkstar,353332394541187074,2024-02-19 07:12:58.218012,Larry's Gym,0
dinkstar,353332394541187074,2024-02-19 07:13:22.771007,Larry's Gym,1
dinkstar,353332394541187074,2024-02-19 07:13:23.852192,Larry's Gym,0
jam4bears,390403088722165762,2024-02-19 07:20:54.718053,Larry's Gym,0
jam4bears,390403088722165762,2024-02-19 07:23:17.948719,Larry's Gym,1
jam4bears,390403088722165762,2024-02-19 08:13:59.163996,Larry's Gym,0
dinkstar,353332394541187074,2024-02-19 08:14:03.950064,Larry's Gym,0
dinkstar,353332394541187074,2024-02-21 07:00:00.200601,Larry's Gym,1
Larry's Gym Bot,1191145890925260810,2024-02-21 07:08:00.073443,Larry's Gym,1
Larry's Gym Bot,1191145890925260810,2024-02-21 07:08:15.554909,Larry's Gym,0
dinkstar,353332394541187074,2024-02-21 07:26:35.901815,Larry's Gym,1
dinkstar,353332394541187074,2024-02-21 07:26:36.961273,Larry's Gym,0
dinkstar,353332394541187074,2024-02-21 07:48:54.258543,Larry's Gym,0
bemno,369989877229682688,2024-02-22 07:04:12.225384,Larry's Gym,1
Larry's Gym Bot,1191145890925260810,2024-02-22 07:08:00.096044,Larry's Gym,1
Larry's Gym Bot,1191145890925260810,2024-02-22 07:08:19.330096,Larry's Gym,0
dinkstar,353332394541187074,2024-02-22 07:22:04.011479,Larry's Gym,1
dinkstar,353332394541187074,2024-02-22 07:22:14.021541,Larry's Gym,1
dinkstar,353332394541187074,2024-02-22 07:22:15.351882,Larry's Gym,0
bemno,369989877229682688,2024-02-22 07:47:04.357533,Larry's Gym,1
bemno,369989877229682688,2024-02-22 07:47:05.548524,Larry's Gym,0
bemno,369989877229682688,2024-02-22 08:03:03.585215,Larry's Gym,0
dinkstar,353332394541187074,2024-02-22 08:03:45.798387,Larry's Gym,1
dinkstar,353332394541187074,2024-02-22 08:03:48.034551,Larry's Gym,1
dinkstar,353332394541187074,2024-02-22 08:03:49.021873,Larry's Gym,0
dinkstar,353332394541187074,2024-02-22 08:03:50.743099,Larry's Gym,0
dinkstar,353332394541187074,2024-02-22 08:08:25.309318,Larry's Gym,0
dinkstar,353332394541187074,2024-02-23 07:04:42.800235,Larry's Gym,1
Larry's Gym Bot,1191145890925260810,2024-02-23 07:08:00.077884,Larry's Gym,1
bemno,369989877229682688,2024-02-23 07:08:03.678574,Larry's Gym,1
Larry's Gym Bot,1191145890925260810,2024-02-23 07:08:25.973900,Larry's Gym,0
dinkstar,353332394541187074,2024-02-23 07:16:24.312268,Larry's Gym,1
dinkstar,353332394541187074,2024-02-23 07:16:25.428597,Larry's Gym,0
dinkstar,353332394541187074,2024-02-23 07:17:52.634007,Larry's Gym,1
dinkstar,353332394541187074,2024-02-23 07:17:54.158211,Larry's Gym,0
bemno,369989877229682688,2024-02-23 07:55:27.076932,Larry's Gym,1
bemno,369989877229682688,2024-02-23 07:55:28.347710,Larry's Gym,0
bemno,369989877229682688,2024-02-23 08:08:25.507695,Larry's Gym,0
dinkstar,353332394541187074,2024-02-23 08:08:26.620969,Larry's Gym,0
jam4bears,390403088722165762,2024-02-24 07:00:19.474068,Larry's Gym,1
Larry's Gym Bot,1191145890925260810,2024-02-24 07:08:00.048709,Larry's Gym,1
Larry's Gym Bot,1191145890925260810,2024-02-24 07:08:18.673680,Larry's Gym,0
jam4bears,390403088722165762,2024-02-24 07:46:10.812570,Larry's Gym,0
jam4bears,390403088722165762,2024-02-25 07:02:35.013498,Larry's Gym,1
Larry's Gym Bot,1191145890925260810,2024-02-25 07:08:00.064141,Larry's Gym,1
Larry's Gym Bot,1191145890925260810,2024-02-25 07:08:18.572969,Larry's Gym,0
dinkstar,353332394541187074,2024-02-25 07:11:31.548248,Larry's Gym,1
jam4bears,390403088722165762,2024-02-25 07:13:12.233694,Larry's Gym,1
jam4bears,390403088722165762,2024-02-25 07:13:13.759686,Larry's Gym,0
jam4bears,390403088722165762,2024-02-25 07:13:39.998238,Larry's Gym,1
jam4bears,390403088722165762,2024-02-25 07:13:40.958165,Larry's Gym,0
jam4bears,390403088722165762,2024-02-25 08:12:03.040015,Larry's Gym,0
dinkstar,353332394541187074,2024-02-25 08:12:03.836893,Larry's Gym,0
jam4bears,390403088722165762,2024-02-26 07:00:04.511213,Larry's Gym,1
Larry's Gym Bot,1191145890925260810,2024-02-26 07:08:00.091129,Larry's Gym,1
Larry's Gym Bot,1191145890925260810,2024-02-26 07:08:18.404677,Larry's Gym,0
dinkstar,353332394541187074,2024-02-26 07:14:03.504291,Larry's Gym,1
jam4bears,390403088722165762,2024-02-26 07:53:04.563856,Larry's Gym,0
dinkstar,353332394541187074,2024-02-26 08:12:12.788807,Larry's Gym,0
kyboydigital,639283802308476970,2024-02-27 07:00:00.142442,Larry's Gym,1
dinkstar,353332394541187074,2024-02-27 07:00:01.504220,Larry's Gym,1
Larry's Gym Bot,1191145890925260810,2024-02-27 07:08:00.074336,Larry's Gym,1
Larry's Gym Bot,1191145890925260810,2024-02-27 07:08:21.389771,Larry's Gym,0
dinkstar,353332394541187074,2024-02-27 07:11:34.335431,Larry's Gym,0
jam4bears,390403088722165762,2024-02-27 07:17:33.342196,Larry's Gym,1
jam4bears,390403088722165762,2024-02-27 07:26:30.878232,Larry's Gym,1
jam4bears,390403088722165762,2024-02-27 07:26:32.250166,Larry's Gym,0
jam4bears,390403088722165762,2024-02-27 07:28:02.017558,Larry's Gym,1
jam4bears,390403088722165762,2024-02-27 07:28:02.948991,Larry's Gym,0
kyboydigital,639283802308476970,2024-02-27 08:02:39.341910,Larry's Gym,0
jam4bears,390403088722165762,2024-02-27 08:02:40.349642,Larry's Gym,0
kyboydigital,639283802308476970,2024-02-28 07:00:00.010262,Larry's Gym,1
jam4bears,390403088722165762,2024-02-28 07:01:35.355135,Larry's Gym,1
Larry's Gym Bot,1191145890925260810,2024-02-28 07:08:00.065681,Larry's Gym,1
Larry's Gym Bot,1191145890925260810,2024-02-28 07:08:18.332585,Larry's Gym,0
jam4bears,390403088722165762,2024-02-28 07:11:50.595533,Larry's Gym,1
jam4bears,390403088722165762,2024-02-28 07:11:51.741303,Larry's Gym,0
jam4bears,390403088722165762,2024-02-28 07:13:48.254934,Larry's Gym,1
jam4bears,390403088722165762,2024-02-28 07:13:49.106226,Larry's Gym,1
jam4bears,390403088722165762,2024-02-28 07:13:50.238583,Larry's Gym,0
jam4bears,390403088722165762,2024-02-28 07:13:51.077446,Larry's Gym,0
jam4bears,390403088722165762,2024-02-28 07:14:00.599200,Larry's Gym,1
jam4bears,390403088722165762,2024-02-28 07:14:01.820095,Larry's Gym,0
dinkstar,353332394541187074,2024-02-28 07:16:21.347993,Larry's Gym,1
kyboydigital,639283802308476970,2024-02-28 07:52:36.690459,Larry's Gym,0
jam4bears,390403088722165762,2024-02-28 07:52:37.630583,Larry's Gym,0
dinkstar,353332394541187074,2024-02-28 08:08:34.887854,Larry's Gym,1
dinkstar,353332394541187074,2024-02-28 08:08:36.185583,Larry's Gym,0
dinkstar,353332394541187074,2024-02-28 08:08:37.463644,Larry's Gym,0
kyboydigital,639283802308476970,2024-02-29 07:00:00.165218,Larry's Gym,1
bemno,369989877229682688,2024-02-29 07:00:37.049391,Larry's Gym,1
jam4bears,390403088722165762,2024-02-29 07:04:07.949378,Larry's Gym,1
Larry's Gym Bot,1191145890925260810,2024-02-29 07:08:00.057584,Larry's Gym,1
Larry's Gym Bot,1191145890925260810,2024-02-29 07:08:18.812747,Larry's Gym,0
jam4bears,390403088722165762,2024-02-29 07:13:08.361606,Larry's Gym,1
jam4bears,390403088722165762,2024-02-29 07:13:09.648559,Larry's Gym,0
jam4bears,390403088722165762,2024-02-29 07:14:10.401691,Larry's Gym,1
jam4bears,390403088722165762,2024-02-29 07:14:12.058400,Larry's Gym,0
kyboydigital,639283802308476970,2024-02-29 07:54:35.601544,Larry's Gym,1
kyboydigital,639283802308476970,2024-02-29 07:54:36.598560,Larry's Gym,0
kyboydigital,639283802308476970,2024-02-29 07:54:51.375200,Larry's Gym,1
kyboydigital,639283802308476970,2024-02-29 07:54:53.082682,Larry's Gym,0
kyboydigital,639283802308476970,2024-02-29 07:54:54.295199,Larry's Gym,1
kyboydigital,639283802308476970,2024-02-29 07:54:55.364025,Larry's Gym,0
kyboydigital,639283802308476970,2024-02-29 07:55:13.280314,Larry's Gym,1
kyboydigital,639283802308476970,2024-02-29 07:55:14.368382,Larry's Gym,0
kyboydigital,639283802308476970,2024-02-29 07:55:21.634121,Larry's Gym,0
jam4bears,390403088722165762,2024-02-29 07:55:44.903738,Larry's Gym,0
bemno,369989877229682688,2024-02-29 07:55:54.357637,Larry's Gym,0
kyboydigital,639283802308476970,2024-03-01 07:00:00.351530,Larry's Gym,1
bemno,369989877229682688,2024-03-01 07:00:10.108261,Larry's Gym,1
Larry's Gym Bot,1191145890925260810,2024-03-01 07:07:00.048927,Larry's Gym,1
kyboydigital,639283802308476970,2024-03-01 07:07:24.013510,Larry's Gym,0
Larry's Gym Bot,1191145890925260810,2024-03-01 07:07:25.110638,Larry's Gym,0
kyboydigital,639283802308476970,2024-03-01 07:07:29.118915,Larry's Gym,1
Larry's Gym Bot,1191145890925260810,2024-03-01 07:08:00.067863,Larry's Gym,1
Larry's Gym Bot,1191145890925260810,2024-03-01 07:08:18.416705,Larry's Gym,0
bemno,369989877229682688,2024-03-01 07:42:11.886923,Larry's Gym,1
bemno,369989877229682688,2024-03-01 07:42:13.475277,Larry's Gym,0
kyboydigital,639283802308476970,2024-03-01 08:00:38.249637,Larry's Gym,0
bemno,369989877229682688,2024-03-01 08:00:39.539845,Larry's Gym,0
bemno,369989877229682688,2024-03-03 07:15:01.262340,Larry's Gym,1
bemno,369989877229682688,2024-03-03 07:58:57.797466,Larry's Gym,1
bemno,369989877229682688,2024-03-03 07:58:59.119824,Larry's Gym,0
bemno,369989877229682688,2024-03-03 08:03:49.427914,Larry's Gym,0
kyboydigital,639283802308476970,2024-03-04 07:00:00.219000,Larry's Gym,1
jam4bears,390403088722165762,2024-03-04 07:03:44.580598,Larry's Gym,1
dinkstar,353332394541187074,2024-03-04 07:04:36.075406,Larry's Gym,1
dinkstar,353332394541187074,2024-03-04 07:06:10.604336,Larry's Gym,1
dinkstar,353332394541187074,2024-03-04 07:06:11.908571,Larry's Gym,0
jam4bears,390403088722165762,2024-03-04 07:07:33.224712,Larry's Gym,0
jam4bears,390403088722165762,2024-03-04 07:07:36.881077,Larry's Gym,1
Larry's Gym Bot,1191145890925260810,2024-03-04 07:08:00.056625,Larry's Gym,1
Larry's Gym Bot,1191145890925260810,2024-03-04 07:08:18.262210,Larry's Gym,0
jam4bears,390403088722165762,2024-03-04 07:13:23.484701,Larry's Gym,1
jam4bears,390403088722165762,2024-03-04 07:13:24.465833,Larry's Gym,0
jam4bears,390403088722165762,2024-03-04 07:15:15.161411,Larry's Gym,1
jam4bears,390403088722165762,2024-03-04 07:15:16.307776,Larry's Gym,0
dinkstar,353332394541187074,2024-03-04 07:17:44.334579,Larry's Gym,1
dinkstar,353332394541187074,2024-03-04 07:17:45.607640,Larry's Gym,0
dinkstar,353332394541187074,2024-03-04 07:18:30.378952,Larry's Gym,1
dinkstar,353332394541187074,2024-03-04 07:18:31.643071,Larry's Gym,0
bemno,369989877229682688,2024-03-04 07:19:28.903887,Larry's Gym,1
jam4bears,390403088722165762,2024-03-04 07:41:49.253674,Larry's Gym,1
jam4bears,390403088722165762,2024-03-04 07:41:50.461689,Larry's Gym,0
jam4bears,390403088722165762,2024-03-04 07:42:04.515907,Larry's Gym,1
jam4bears,390403088722165762,2024-03-04 07:42:05.998222,Larry's Gym,0
jam4bears,390403088722165762,2024-03-04 07:43:54.784690,Larry's Gym,1
jam4bears,390403088722165762,2024-03-04 07:43:56.285731,Larry's Gym,0
jam4bears,390403088722165762,2024-03-04 07:44:45.990368,Larry's Gym,1
jam4bears,390403088722165762,2024-03-04 07:44:47.009347,Larry's Gym,0
jam4bears,390403088722165762,2024-03-04 07:46:55.046113,Larry's Gym,0
bemno,369989877229682688,2024-03-04 07:48:31.045587,Larry's Gym,1
bemno,369989877229682688,2024-03-04 07:48:32.104873,Larry's Gym,0
kyboydigital,639283802308476970,2024-03-04 07:59:52.537345,Larry's Gym,1
kyboydigital,639283802308476970,2024-03-04 07:59:54.269450,Larry's Gym,0
kyboydigital,639283802308476970,2024-03-04 08:00:38.703197,Larry's Gym,1
kyboydigital,639283802308476970,2024-03-04 08:00:39.586918,Larry's Gym,0
bemno,369989877229682688,2024-03-04 08:00:42.354869,Larry's Gym,0
kyboydigital,639283802308476970,2024-03-04 08:00:43.906711,Larry's Gym,0
dinkstar,353332394541187074,2024-03-04 08:00:50.111361,Larry's Gym,0
kyboydigital,639283802308476970,2024-03-05 07:00:00.162395,Larry's Gym,1
jam4bears,390403088722165762,2024-03-05 07:07:06.998121,Larry's Gym,1
Larry's Gym Bot,1191145890925260810,2024-03-05 07:08:00.111945,Larry's Gym,1
Larry's Gym Bot,1191145890925260810,2024-03-05 07:08:18.254631,Larry's Gym,0
dinkstar,353332394541187074,2024-03-05 07:09:07.735037,Larry's Gym,1
dinkstar,353332394541187074,2024-03-05 07:11:37.420239,Larry's Gym,0
jam4bears,390403088722165762,2024-03-05 07:13:30.552204,Larry's Gym,1
jam4bears,390403088722165762,2024-03-05 07:13:32.166344,Larry's Gym,0
jam4bears,390403088722165762,2024-03-05 07:14:19.771349,Larry's Gym,1
jam4bears,390403088722165762,2024-03-05 07:14:21.062014,Larry's Gym,0
bemno,369989877229682688,2024-03-05 07:35:59.935599,Larry's Gym,1
kyboydigital,639283802308476970,2024-03-05 07:52:48.543849,Larry's Gym,0
jam4bears,390403088722165762,2024-03-05 07:52:49.881112,Larry's Gym,0
bemno,369989877229682688,2024-03-05 07:52:52.920828,Larry's Gym,0
kyboydigital,639283802308476970,2024-03-06 07:00:00.361900,Larry's Gym,1
jam4bears,390403088722165762,2024-03-06 07:00:08.316299,Larry's Gym,1
jam4bears,390403088722165762,2024-03-06 07:02:19.180095,Larry's Gym,1
jam4bears,390403088722165762,2024-03-06 07:02:20.414238,Larry's Gym,0
kyboydigital,639283802308476970,2024-03-06 07:02:23.067947,Larry's Gym,0
kyboydigital,639283802308476970,2024-03-06 07:02:26.482405,Larry's Gym,1
jam4bears,390403088722165762,2024-03-06 07:02:37.245355,Larry's Gym,1
jam4bears,390403088722165762,2024-03-06 07:02:39.159015,Larry's Gym,0
dinkstar,353332394541187074,2024-03-06 07:07:24.107068,Larry's Gym,1
Larry's Gym Bot,1191145890925260810,2024-03-06 07:08:00.061002,Larry's Gym,1
Larry's Gym Bot,1191145890925260810,2024-03-06 07:08:18.259883,Larry's Gym,0
jam4bears,390403088722165762,2024-03-06 07:10:22.929838,Larry's Gym,1
jam4bears,390403088722165762,2024-03-06 07:10:24.197276,Larry's Gym,0
jam4bears,390403088722165762,2024-03-06 07:10:37.725891,Larry's Gym,1
jam4bears,390403088722165762,2024-03-06 07:10:38.959501,Larry's Gym,0
jam4bears,390403088722165762,2024-03-06 07:10:59.861493,Larry's Gym,1
jam4bears,390403088722165762,2024-03-06 07:11:01.120625,Larry's Gym,0
jam4bears,390403088722165762,2024-03-06 07:11:56.670498,Larry's Gym,1
bemno,369989877229682688,2024-03-06 07:11:58.222771,Larry's Gym,1
jam4bears,390403088722165762,2024-03-06 07:11:59.371630,Larry's Gym,0
jam4bears,390403088722165762,2024-03-06 07:22:22.354757,Larry's Gym,1
jam4bears,390403088722165762,2024-03-06 07:22:23.490934,Larry's Gym,0
jam4bears,390403088722165762,2024-03-06 07:23:34.875971,Larry's Gym,1
jam4bears,390403088722165762,2024-03-06 07:23:35.726959,Larry's Gym,0
dinkstar,353332394541187074,2024-03-06 07:24:50.774222,Larry's Gym,1
dinkstar,353332394541187074,2024-03-06 07:24:51.857586,Larry's Gym,0
jam4bears,390403088722165762,2024-03-06 07:25:30.351191,Larry's Gym,1
jam4bears,390403088722165762,2024-03-06 07:25:31.588757,Larry's Gym,0
dinkstar,353332394541187074,2024-03-06 07:25:52.342264,Larry's Gym,1
dinkstar,353332394541187074,2024-03-06 07:25:53.712117,Larry's Gym,0
jam4bears,390403088722165762,2024-03-06 07:27:32.121301,Larry's Gym,1
jam4bears,390403088722165762,2024-03-06 07:27:33.490401,Larry's Gym,0
jam4bears,390403088722165762,2024-03-06 07:28:01.645010,Larry's Gym,1
jam4bears,390403088722165762,2024-03-06 07:28:03.050655,Larry's Gym,0
jam4bears,390403088722165762,2024-03-06 07:28:15.751050,Larry's Gym,1
jam4bears,390403088722165762,2024-03-06 07:28:16.895199,Larry's Gym,0
jam4bears,390403088722165762,2024-03-06 07:37:53.806300,Larry's Gym,1
jam4bears,390403088722165762,2024-03-06 07:37:55.047274,Larry's Gym,0
jam4bears,390403088722165762,2024-03-06 07:41:50.006513,Larry's Gym,1
jam4bears,390403088722165762,2024-03-06 07:41:51.087962,Larry's Gym,0
kyboydigital,639283802308476970,2024-03-06 07:45:08.352933,Larry's Gym,0
bemno,369989877229682688,2024-03-06 07:47:16.171417,Larry's Gym,1
bemno,369989877229682688,2024-03-06 07:47:17.422111,Larry's Gym,0
jam4bears,390403088722165762,2024-03-06 07:53:29.878652,Larry's Gym,0
bemno,369989877229682688,2024-03-06 08:05:26.455769,Larry's Gym,0
dinkstar,353332394541187074,2024-03-06 08:05:28.001155,Larry's Gym,0
kyboydigital,639283802308476970,2024-03-07 07:00:00.144692,Larry's Gym,1
bemno,369989877229682688,2024-03-07 07:00:02.305639,Larry's Gym,1
Larry's Gym Bot,1191145890925260810,2024-03-07 07:08:00.067511,Larry's Gym,1
Larry's Gym Bot,1191145890925260810,2024-03-07 07:08:19.906908,Larry's Gym,0
jam4bears,390403088722165762,2024-03-07 07:16:10.948856,Larry's Gym,1
jam4bears,390403088722165762,2024-03-07 07:26:06.376647,Larry's Gym,1
jam4bears,390403088722165762,2024-03-07 07:26:07.537657,Larry's Gym,0
jam4bears,390403088722165762,2024-03-07 07:26:53.892501,Larry's Gym,1
jam4bears,390403088722165762,2024-03-07 07:26:55.254974,Larry's Gym,0
jam4bears,390403088722165762,2024-03-07 07:27:27.167987,Larry's Gym,1
jam4bears,390403088722165762,2024-03-07 07:27:28.576433,Larry's Gym,0
jam4bears,390403088722165762,2024-03-07 07:27:58.282009,Larry's Gym,1
jam4bears,390403088722165762,2024-03-07 07:27:59.446638,Larry's Gym,0
bemno,369989877229682688,2024-03-07 07:44:45.482316,Larry's Gym,1
bemno,369989877229682688,2024-03-07 07:44:46.515132,Larry's Gym,0
jam4bears,390403088722165762,2024-03-07 08:03:08.418968,Larry's Gym,0
kyboydigital,639283802308476970,2024-03-07 08:03:10.590772,Larry's Gym,0
bemno,369989877229682688,2024-03-07 08:03:11.567006,Larry's Gym,0
kyboydigital,639283802308476970,2024-03-08 07:00:00.225685,Larry's Gym,1
bemno,369989877229682688,2024-03-08 07:00:01.864626,Larry's Gym,1
dinkstar,353332394541187074,2024-03-08 07:02:43.225861,Larry's Gym,1
Larry's Gym Bot,1191145890925260810,2024-03-08 07:08:00.082458,Larry's Gym,1
Larry's Gym Bot,1191145890925260810,2024-03-08 07:08:18.376698,Larry's Gym,0
bemno,369989877229682688,2024-03-08 07:36:31.169310,Larry's Gym,1
bemno,369989877229682688,2024-03-08 07:36:32.597135,Larry's Gym,0
bemno,369989877229682688,2024-03-08 07:55:56.312011,Larry's Gym,0
kyboydigital,639283802308476970,2024-03-08 07:55:57.686239,Larry's Gym,0
dinkstar,353332394541187074,2024-03-08 07:56:04.406503,Larry's Gym,0
dinkstar,353332394541187074,2024-03-09 07:00:03.906557,Larry's Gym,1
Larry's Gym Bot,1191145890925260810,2024-03-09 07:08:00.084438,Larry's Gym,1
Larry's Gym Bot,1191145890925260810,2024-03-09 07:08:25.599512,Larry's Gym,0
dinkstar,353332394541187074,2024-03-09 08:13:56.222066,Larry's Gym,0
kyboydigital,639283802308476970,2024-03-12 07:00:01.735175,Larry's Gym,1
jam4bears,390403088722165762,2024-03-12 07:00:05.827328,Larry's Gym,1
kyboydigital,639283802308476970,2024-03-12 07:02:57.233111,Larry's Gym,0
kyboydigital,639283802308476970,2024-03-12 07:03:00.033243,Larry's Gym,1
Larry's Gym Bot,1191145890925260810,2024-03-12 07:08:00.068299,Larry's Gym,1
Larry's Gym Bot,1191145890925260810,2024-03-12 07:08:19.212307,Larry's Gym,0
jam4bears,390403088722165762,2024-03-12 07:10:36.049887,Larry's Gym,1
jam4bears,390403088722165762,2024-03-12 07:10:37.168424,Larry's Gym,0
dinkstar,353332394541187074,2024-03-12 07:15:02.446509,Larry's Gym,1
jam4bears,390403088722165762,2024-03-12 07:15:44.549677,Larry's Gym,1
jam4bears,390403088722165762,2024-03-12 07:15:45.592270,Larry's Gym,0
jam4bears,390403088722165762,2024-03-12 07:52:03.213895,Larry's Gym,0
kyboydigital,639283802308476970,2024-03-12 07:52:07.769478,Larry's Gym,0
dinkstar,353332394541187074,2024-03-12 08:01:41.857780,Larry's Gym,0
kyboydigital,639283802308476970,2024-03-13 07:00:00.065819,Larry's Gym,1
dinkstar,353332394541187074,2024-03-13 07:00:03.200085,Larry's Gym,1
kyboydigital,639283802308476970,2024-03-13 07:02:07.382655,Larry's Gym,0
kyboydigital,639283802308476970,2024-03-13 07:02:09.802855,Larry's Gym,1
Larry's Gym Bot,1191145890925260810,2024-03-13 07:08:00.077473,Larry's Gym,1
Larry's Gym Bot,1191145890925260810,2024-03-13 07:08:18.491440,Larry's Gym,0
kyboydigital,639283802308476970,2024-03-13 07:53:01.652793,Larry's Gym,0
dinkstar,353332394541187074,2024-03-13 07:53:03.016737,Larry's Gym,0
bemno,369989877229682688,2024-03-14 07:05:47.440298,Larry's Gym,1
jam4bears,390403088722165762,2024-03-14 07:07:41.262154,Larry's Gym,1
Larry's Gym Bot,1191145890925260810,2024-03-14 07:08:00.079470,Larry's Gym,1
Larry's Gym Bot,1191145890925260810,2024-03-14 07:08:46.202810,Larry's Gym,0
jam4bears,390403088722165762,2024-03-14 07:16:34.208525,Larry's Gym,1
jam4bears,390403088722165762,2024-03-14 07:16:35.889673,Larry's Gym,0
jam4bears,390403088722165762,2024-03-14 07:17:24.990258,Larry's Gym,1
jam4bears,390403088722165762,2024-03-14 07:17:25.960487,Larry's Gym,0
bemno,369989877229682688,2024-03-14 07:46:22.529786,Larry's Gym,1
bemno,369989877229682688,2024-03-14 07:46:24.423538,Larry's Gym,0
jam4bears,390403088722165762,2024-03-14 07:54:12.436646,Larry's Gym,1
jam4bears,390403088722165762,2024-03-14 07:54:13.816456,Larry's Gym,0
jam4bears,390403088722165762,2024-03-14 07:54:18.310042,Larry's Gym,1
jam4bears,390403088722165762,2024-03-14 07:54:19.843788,Larry's Gym,0
bemno,369989877229682688,2024-03-14 07:56:11.432481,Larry's Gym,0
jam4bears,390403088722165762,2024-03-14 07:56:12.959596,Larry's Gym,0
kyboydigital,639283802308476970,2024-03-15 07:00:00.150437,Larry's Gym,1
kyboydigital,639283802308476970,2024-03-15 07:02:45.307628,Larry's Gym,0
kyboydigital,639283802308476970,2024-03-15 07:02:53.289056,Larry's Gym,1
Larry's Gym Bot,1191145890925260810,2024-03-15 07:08:00.060165,Larry's Gym,1
Larry's Gym Bot,1191145890925260810,2024-03-15 07:08:18.940325,Larry's Gym,0
bemno,369989877229682688,2024-03-15 07:25:21.829789,Larry's Gym,1
bemno,369989877229682688,2024-03-15 07:53:45.886361,Larry's Gym,1
bemno,369989877229682688,2024-03-15 07:53:46.959472,Larry's Gym,0
bemno,369989877229682688,2024-03-15 08:01:53.687766,Larry's Gym,0
kyboydigital,639283802308476970,2024-03-15 08:01:57.183732,Larry's Gym,0
kyboydigital,639283802308476970,2024-03-17 07:04:32.651225,Larry's Gym,1
kyboydigital,639283802308476970,2024-03-17 07:04:34.250915,Larry's Gym,1
kyboydigital,639283802308476970,2024-03-17 07:04:35.312344,Larry's Gym,0
kyboydigital,639283802308476970,2024-03-17 07:04:46.393240,Larry's Gym,1
kyboydigital,639283802308476970,2024-03-17 07:04:47.438802,Larry's Gym,0
Larry's Gym Bot,1191145890925260810,2024-03-17 07:08:00.077370,Larry's Gym,1
Larry's Gym Bot,1191145890925260810,2024-03-17 07:08:17.999742,Larry's Gym,0
kyboydigital,639283802308476970,2024-03-17 07:55:14.704236,Larry's Gym,1
kyboydigital,639283802308476970,2024-03-17 07:55:15.668679,Larry's Gym,0
kyboydigital,639283802308476970,2024-03-17 07:55:16.469257,Larry's Gym,1
kyboydigital,639283802308476970,2024-03-17 07:55:17.438174,Larry's Gym,0
kyboydigital,639283802308476970,2024-03-17 07:55:18.536495,Larry's Gym,1
kyboydigital,639283802308476970,2024-03-17 07:55:19.433983,Larry's Gym,1
kyboydigital,639283802308476970,2024-03-17 07:55:20.678174,Larry's Gym,0
kyboydigital,639283802308476970,2024-03-17 07:55:21.644377,Larry's Gym,1
kyboydigital,639283802308476970,2024-03-17 07:55:22.670839,Larry's Gym,0
kyboydigital,639283802308476970,2024-03-17 07:55:23.422213,Larry's Gym,0
kyboydigital,639283802308476970,2024-03-17 07:55:26.301271,Larry's Gym,0
dinkstar,353332394541187074,2024-03-18 07:04:24.966503,Larry's Gym,1
Larry's Gym Bot,1191145890925260810,2024-03-18 07:08:00.082834,Larry's Gym,1
Larry's Gym Bot,1191145890925260810,2024-03-18 07:08:20.289573,Larry's Gym,0
dinkstar,353332394541187074,2024-03-18 07:49:34.537305,Larry's Gym,0
jam4bears,390403088722165762,2024-03-20 07:12:53.268858,Larry's Gym,1
jam4bears,390403088722165762,2024-03-20 07:37:14.768162,Larry's Gym,0
kyboydigital,639283802308476970,2024-03-21 07:00:00.282985,Larry's Gym,1
Larry's Gym Bot,1191145890925260810,2024-03-21 07:08:00.107173,Larry's Gym,1
kyboydigital,639283802308476970,2024-03-21 07:08:16.706531,Larry's Gym,1
kyboydigital,639283802308476970,2024-03-21 07:08:17.759242,Larry's Gym,0
Larry's Gym Bot,1191145890925260810,2024-03-21 07:08:18.876311,Larry's Gym,0
kyboydigital,639283802308476970,2024-03-21 07:08:40.271071,Larry's Gym,0
kyboydigital,639283802308476970,2024-03-21 07:08:46.386681,Larry's Gym,1
kyboydigital,639283802308476970,2024-03-21 07:49:31.011832,Larry's Gym,0
dinkstar,353332394541187074,2024-03-25 07:02:14.674560,Larry's Gym,1
Larry's Gym Bot,1191145890925260810,2024-03-25 07:08:00.084735,Larry's Gym,1
Larry's Gym Bot,1191145890925260810,2024-03-25 07:08:19.191148,Larry's Gym,0
dinkstar,353332394541187074,2024-03-25 08:18:14.192583,Larry's Gym,0
dinkstar,353332394541187074,2024-03-26 07:03:29.963306,Larry's Gym,1
dinkstar,353332394541187074,2024-03-26 07:05:32.432913,Larry's Gym,0
dinkstar,353332394541187074,2024-03-26 07:08:18.587247,Larry's Gym,1
dinkstar,353332394541187074,2024-03-26 07:11:31.987495,Larry's Gym,0
kyboydigital,639283802308476970,2024-03-26 07:28:48.088962,Larry's Gym,1
kyboydigital,639283802308476970,2024-03-26 07:32:23.567438,Larry's Gym,0
dinkstar,353332394541187074,2024-03-26 07:42:42.300847,Larry's Gym,1
dinkstar,353332394541187074,2024-03-26 07:43:56.976808,Larry's Gym,1
dinkstar,353332394541187074,2024-03-26 07:43:58.096988,Larry's Gym,0
dinkstar,353332394541187074,2024-03-26 07:59:39.699111,Larry's Gym,0
bemno,369989877229682688,2024-03-27 07:32:17.350796,Larry's Gym,1
bemno,369989877229682688,2024-03-27 08:03:58.389776,Larry's Gym,0
kyboydigital,639283802308476970,2024-03-28 07:00:49.339291,Larry's Gym,0
kyboydigital,639283802308476970,2024-03-28 07:00:52.340401,Larry's Gym,1
kyboydigital,639283802308476970,2024-03-28 07:01:18.195135,Larry's Gym,0
kyboydigital,639283802308476970,2024-03-28 07:01:22.935866,Larry's Gym,1
bemno,369989877229682688,2024-03-28 07:05:26.113112,Larry's Gym,1
dinkstar,353332394541187074,2024-03-28 07:05:49.385778,Larry's Gym,1
Larry's Gym Bot,1191145890925260810,2024-03-28 07:08:00.100982,Larry's Gym,1
Larry's Gym Bot,1191145890925260810,2024-03-28 07:08:18.402377,Larry's Gym,0
bemno,369989877229682688,2024-03-28 07:55:11.416098,Larry's Gym,1
bemno,369989877229682688,2024-03-28 07:55:12.761222,Larry's Gym,0
kyboydigital,639283802308476970,2024-03-28 07:57:33.473016,Larry's Gym,0
bemno,369989877229682688,2024-03-28 07:57:34.857327,Larry's Gym,0
dinkstar,353332394541187074,2024-03-28 07:57:36.414195,Larry's Gym,0
kyboydigital,639283802308476970,2024-03-29 07:00:00.131317,Larry's Gym,1
kyboydigital,639283802308476970,2024-03-29 07:01:34.682395,Larry's Gym,0
bemno,369989877229682688,2024-03-29 07:03:32.698932,Larry's Gym,1
Larry's Gym Bot,1191145890925260810,2024-03-29 07:08:00.072955,Larry's Gym,1
Larry's Gym Bot,1191145890925260810,2024-03-29 07:08:18.360462,Larry's Gym,0
bemno,369989877229682688,2024-03-29 07:46:12.929493,Larry's Gym,1
bemno,369989877229682688,2024-03-29 07:46:14.301668,Larry's Gym,0
bemno,369989877229682688,2024-03-29 07:51:17.298091,Larry's Gym,0
dinkstar,353332394541187074,2024-03-30 07:00:49.051026,Larry's Gym,1
Larry's Gym Bot,1191145890925260810,2024-03-30 07:08:00.103199,Larry's Gym,1
Larry's Gym Bot,1191145890925260810,2024-03-30 07:08:20.876621,Larry's Gym,0
dinkstar,353332394541187074,2024-03-30 07:46:26.051941,Larry's Gym,0
